Workbook

Sheet 1. Instructions
A1: Eelgrass Workshop — Digital Data Sheet
A2: Companion to WWF-Canada, Measuring Carbon in Coastal Sediments (2026), and Part 4 of the Blue Carbon Eelgrass Workshop.
A5: HOW TO USE THIS WORKBOOK
A6: Sheet 2 — Plot & Core Log | B6: One row per CORE. Enter plot/core notes, the two compaction depths and (if you stratified) the stratum. The compaction factor calculates itself. Enter a corer diameter there only for a core taken with a different tube from the one below.
A7: Sheet 3 — Sample Data | B7: One row per SLICE. Enter the field columns before you leave site, then add the lab columns when results come back. Everything else calculates, and the Slice check column tells you what is missing or inconsistent.
A8: Sheet 4 — Core Summary | B8: Per-core totals and standard depth increments. Fully automatic — nothing to type here.
A10: YOUR CORER
A11: Corer internal diameter (cm) | B11: 7.6
A12: About the diameter | B12: Measured inside the tube with calipers — not the nominal pipe size (see THINGS THAT CATCH PEOPLE OUT). Used for every core, unless Sheet 2 column J gives a different value for that core. Leave it blank and the slices are flagged: the volume, and so the bulk density, cannot be calculated.
A14: COLOUR KEY
A15: Yellow fill / blue text | B15: You type here: data from the field data sheet, or from the lab.
A16: Grey fill / black text | B16: Calculated. Do not type over these — you will break the column.
A17: Green text | B17: Pulled from another sheet in this workbook.
A19: THE FIVE BANDS ON SHEET 3
A20: 1. Data from the field | B20: Copy directly from the field data sheet.
A21: 2. Calculated before the lab | B21: Depth interval, compaction-corrected (in-situ) depths, and sample volume. You need the volume to hand to the lab, or to compute bulk density yourself.
A22: 3. Measured by the lab | B22: Wet weight, dry weight of the whole slice, the carbon value, and what that carbon value is (column O: OC, TC or LOI).
A23: 4. Calculated after the lab | B23: Bulk density, organic carbon, carbon density, carbon stock per slice, and the share of each slice's stock that falls in each standard depth increment.
A24: 5. Check | B24: One plain-language message per slice. A core is only totalled when all its slices say OK.
A26: CARBON: WHAT THE LAB MEASURED
A27: OC | B27: Organic carbon measured directly — elemental analyser on acid-treated sample, or total carbon minus measured inorganic carbon. Used as is.
A28: TC | B28: Total carbon. Includes shell and other carbonate, which is not organic carbon. It is not used: ask the lab for inorganic carbon (IC) and enter OC = TC − IC instead.
A29: LOI | B29: Loss on ignition (% organic matter). Converted to organic carbon with the equation below: OC% = intercept + slope × LOI%. A value that would convert to below zero is outside the equation's range and is flagged, not set to zero.
A30: LOI intercept | B30: -0.197 | C30: Example: local calibration from the 16 slices in these cores with both elemental OC and LOI (r² = 0.73).
A31: LOI slope | B31: 0.32
A32: Where the equation comes from | B32: Best: your own calibration — run elemental analysis on a subset of the same samples and fit OC against LOI. Otherwise use a published seagrass equation and cite it. Leave these blank and LOI rows stay unconverted (the Slice check says so). Report the equation you used.
A34: UNITS
A35: Depths | B35: centimetres (cm)
A36: Weights | B36: grams (g). Some labs report kilograms — convert before typing.
A37: Volume | B37: cubic centimetres (cm3)
A38: Carbon value | B38: percent of dry mass (0–100). If the lab reports a fraction (0–1), multiply by 100.
A39: Dry bulk density | B39: g/cm3 = dry weight of the whole slice ÷ slice volume
A40: Carbon stock | B40: g C/cm2 per slice (field guide Eq 4) and kg C/m2 (Eq 6). × 10 gives Mg C/ha.
A42: STANDARD DEPTH INCREMENTS
A43: 0–15, 15–30, 30–50, 50–100 cm | B43: Measured on in-situ depths. A slice that crosses a boundary is split in proportion to how much of it lies on each side. Sheet 4 only reports an increment when the core reaches its bottom; otherwise it says 'partial' or 'not reached'.
A45: THE ANALYSIS (Part 4)
A46: No export needed | B46: The R workflow reads this workbook directly. Keep the tab names and the header rows as they are, save as .xlsx (in Google Sheets: File → Download → Microsoft Excel), and point the workflow's settings file at it.
A48: THINGS THAT CATCH PEOPLE OUT
A49: Measure your actual corer diameter | B49: Nominal pipe size is not internal diameter. A '3 inch' Schedule 40 PVC pipe has an internal diameter noticeably larger than 7.62 cm. Volume sits in the denominator of bulk density, so an assumed diameter biases EVERY carbon stock in the dataset. Measure the ID with calipers and enter it under YOUR CORER above (and on the field data sheet).
A50: Compaction corrects depths, not stocks | B50: Carbon stock per slice uses the MEASURED interval and the recovered-slice volume. The dry mass in the tube already came from a taller in-situ column, so multiplying by the compaction factor as well would double-count it. The corrected depths (columns I–J) tell you which in-situ depth each slice represents, which is what the depth increments need.
A51: Dry weight and volume must be the same material | B51: Bulk density needs the dry weight of the WHOLE slice. If the lab only weighs a subsample, use the whole-slice dry weight you recorded before subsampling — never the subsample mass against the whole-slice volume.
A52: A blank is not a zero | B52: Missing slices, gaps between slices and missing lab values are flagged, and the core is not totalled until they are resolved. Nothing is filled in for you.

Sheet 2. Plot & Core Log
A1: Plot & Core Log — one row per core
A2: Enter one row for every core you collect. Core ID must be unique and must match exactly what you type on Sheet 3 — the sample rows look up their compaction factor and corer diameter from here.
A4: Plot & core identification | J4: Coring measurements | M4: Calculated | P4: Design & notes | S4: Corer used
A5: Plot ID | B5: Core ID | C5: Date | D5: Time | E5: Study area / site | F5: Latitude | G5: Longitude | H5: Photo series ID | I5: Weather / tidal conditions | J5: Corer internal diameter (cm) only if different from Instructions | K5: Outside depth (cm) = depth of corer inserted | L5: Inside depth (cm) = length of core extracted | M5: Compaction factor = outside / inside | N5: Compaction (cm) = outside - inside | O5: QC check | P5: Stratum (code) e.g. SG | Q5: Compaction not measured? enter: assume none | R5: Core notes | S5: Corer diameter used (cm) | T5: Diameter from
A6: S5 | B6: COW-S5 | E6: Cowichan Estuary, BC — eelgrass | F6: 48.76117 | G6: -123.62483 | M6: =IF(AND($K6<>"",$L6<>""),$K6/$L6,IF(LOWER(TRIM($Q6))="assume none",1,"")) -> 1 | N6: =IF(OR($K6="",$L6=""),"",$K6-$L6) | O6: =IF($B6="","",IF(COUNTIF($B$6:$B$35,$B6)>1,"CHECK: duplicate Core ID",IF($S6="","CHECK: corer diameter missing",IF(AND($K6="",$L6=""),IF($M6=1,"ASSUMED: no compaction (not measured)","CHECK: compaction not recorded"),IF(OR($K6="",$L6=""),"CHECK: one depth missing",IF($L6>$K6,"CHECK: extracted > inserted",IF($M6>1.5,"CHECK: >50% compaction","OK"))))))) -> ASSUMED: no compaction (not measured) | P6: SG | Q6: assume none | R6: Published core (Douglas et al. 2022, via Janousek et al. 2025). Sampling date and insertion depth not published; source reports no compaction observed. | S6: =IF($B6="","",IF($J6<>"",$J6,IF(CORER_DIAMETER_CM<>"",CORER_DIAMETER_CM,""))) -> 7.6 | T6: =IF($B6="","",IF($J6<>"","this core",IF(CORER_DIAMETER_CM<>"","Instructions","missing"))) -> Instructions
A7: S6 | B7: COW-S6 | E7: Cowichan Estuary, BC — eelgrass | F7: 48.7615 | G7: -123.62467 | M7: =IF(AND($K7<>"",$L7<>""),$K7/$L7,IF(LOWER(TRIM($Q7))="assume none",1,"")) -> 1 | N7: =IF(OR($K7="",$L7=""),"",$K7-$L7) | O7: =IF($B7="","",IF(COUNTIF($B$6:$B$35,$B7)>1,"CHECK: duplicate Core ID",IF($S7="","CHECK: corer diameter missing",IF(AND($K7="",$L7=""),IF($M7=1,"ASSUMED: no compaction (not measured)","CHECK: compaction not recorded"),IF(OR($K7="",$L7=""),"CHECK: one depth missing",IF($L7>$K7,"CHECK: extracted > inserted",IF($M7>1.5,"CHECK: >50% compaction","OK"))))))) -> ASSUMED: no compaction (not measured) | P7: SG | Q7: assume none | R7: Published core (Douglas et al. 2022, via Janousek et al. 2025). Sampling date and insertion depth not published; source reports no compaction observed. | S7: =IF($B7="","",IF($J7<>"",$J7,IF(CORER_DIAMETER_CM<>"",CORER_DIAMETER_CM,""))) -> 7.6 | T7: =IF($B7="","",IF($J7<>"","this core",IF(CORER_DIAMETER_CM<>"","Instructions","missing"))) -> Instructions
A8: S7 | B8: COW-S7 | E8: Cowichan Estuary, BC — eelgrass | F8: 48.762 | G8: -123.62433 | M8: =IF(AND($K8<>"",$L8<>""),$K8/$L8,IF(LOWER(TRIM($Q8))="assume none",1,"")) -> 1 | N8: =IF(OR($K8="",$L8=""),"",$K8-$L8) | O8: =IF($B8="","",IF(COUNTIF($B$6:$B$35,$B8)>1,"CHECK: duplicate Core ID",IF($S8="","CHECK: corer diameter missing",IF(AND($K8="",$L8=""),IF($M8=1,"ASSUMED: no compaction (not measured)","CHECK: compaction not recorded"),IF(OR($K8="",$L8=""),"CHECK: one depth missing",IF($L8>$K8,"CHECK: extracted > inserted",IF($M8>1.5,"CHECK: >50% compaction","OK"))))))) -> ASSUMED: no compaction (not measured) | P8: SG | Q8: assume none | R8: Published core (Douglas et al. 2022, via Janousek et al. 2025). Sampling date and insertion depth not published; source reports no compaction observed. | S8: =IF($B8="","",IF($J8<>"",$J8,IF(CORER_DIAMETER_CM<>"",CORER_DIAMETER_CM,""))) -> 7.6 | T8: =IF($B8="","",IF($J8<>"","this core",IF(CORER_DIAMETER_CM<>"","Instructions","missing"))) -> Instructions
M9: =IF(AND($K9<>"",$L9<>""),$K9/$L9,IF(LOWER(TRIM($Q9))="assume none",1,"")) | N9: =IF(OR($K9="",$L9=""),"",$K9-$L9) | O9: =IF($B9="","",IF(COUNTIF($B$6:$B$35,$B9)>1,"CHECK: duplicate Core ID",IF($S9="","CHECK: corer diameter missing",IF(AND($K9="",$L9=""),IF($M9=1,"ASSUMED: no compaction (not measured)","CHECK: compaction not recorded"),IF(OR($K9="",$L9=""),"CHECK: one depth missing",IF($L9>$K9,"CHECK: extracted > inserted",IF($M9>1.5,"CHECK: >50% compaction","OK"))))))) | S9: =IF($B9="","",IF($J9<>"",$J9,IF(CORER_DIAMETER_CM<>"",CORER_DIAMETER_CM,""))) | T9: =IF($B9="","",IF($J9<>"","this core",IF(CORER_DIAMETER_CM<>"","Instructions","missing")))
M10: =IF(AND($K10<>"",$L10<>""),$K10/$L10,IF(LOWER(TRIM($Q10))="assume none",1,"")) | N10: =IF(OR($K10="",$L10=""),"",$K10-$L10) | O10: =IF($B10="","",IF(COUNTIF($B$6:$B$35,$B10)>1,"CHECK: duplicate Core ID",IF($S10="","CHECK: corer diameter missing",IF(AND($K10="",$L10=""),IF($M10=1,"ASSUMED: no compaction (not measured)","CHECK: compaction not recorded"),IF(OR($K10="",$L10=""),"CHECK: one depth missing",IF($L10>$K10,"CHECK: extracted > inserted",IF($M10>1.5,"CHECK: >50% compaction","OK"))))))) | S10: =IF($B10="","",IF($J10<>"",$J10,IF(CORER_DIAMETER_CM<>"",CORER_DIAMETER_CM,""))) | T10: =IF($B10="","",IF($J10<>"","this core",IF(CORER_DIAMETER_CM<>"","Instructions","missing")))
M11: =IF(AND($K11<>"",$L11<>""),$K11/$L11,IF(LOWER(TRIM($Q11))="assume none",1,"")) | N11: =IF(OR($K11="",$L11=""),"",$K11-$L11) | O11: =IF($B11="","",IF(COUNTIF($B$6:$B$35,$B11)>1,"CHECK: duplicate Core ID",IF($S11="","CHECK: corer diameter missing",IF(AND($K11="",$L11=""),IF($M11=1,"ASSUMED: no compaction (not measured)","CHECK: compaction not recorded"),IF(OR($K11="",$L11=""),"CHECK: one depth missing",IF($L11>$K11,"CHECK: extracted > inserted",IF($M11>1.5,"CHECK: >50% compaction","OK"))))))) | S11: =IF($B11="","",IF($J11<>"",$J11,IF(CORER_DIAMETER_CM<>"",CORER_DIAMETER_CM,""))) | T11: =IF($B11="","",IF($J11<>"","this core",IF(CORER_DIAMETER_CM<>"","Instructions","missing")))
M12: =IF(AND($K12<>"",$L12<>""),$K12/$L12,IF(LOWER(TRIM($Q12))="assume none",1,"")) | N12: =IF(OR($K12="",$L12=""),"",$K12-$L12) | O12: =IF($B12="","",IF(COUNTIF($B$6:$B$35,$B12)>1,"CHECK: duplicate Core ID",IF($S12="","CHECK: corer diameter missing",IF(AND($K12="",$L12=""),IF($M12=1,"ASSUMED: no compaction (not measured)","CHECK: compaction not recorded"),IF(OR($K12="",$L12=""),"CHECK: one depth missing",IF($L12>$K12,"CHECK: extracted > inserted",IF($M12>1.5,"CHECK: >50% compaction","OK"))))))) | S12: =IF($B12="","",IF($J12<>"",$J12,IF(CORER_DIAMETER_CM<>"",CORER_DIAMETER_CM,""))) | T12: =IF($B12="","",IF($J12<>"","this core",IF(CORER_DIAMETER_CM<>"","Instructions","missing")))
M13: =IF(AND($K13<>"",$L13<>""),$K13/$L13,IF(LOWER(TRIM($Q13))="assume none",1,"")) | N13: =IF(OR($K13="",$L13=""),"",$K13-$L13) | O13: =IF($B13="","",IF(COUNTIF($B$6:$B$35,$B13)>1,"CHECK: duplicate Core ID",IF($S13="","CHECK: corer diameter missing",IF(AND($K13="",$L13=""),IF($M13=1,"ASSUMED: no compaction (not measured)","CHECK: compaction not recorded"),IF(OR($K13="",$L13=""),"CHECK: one depth missing",IF($L13>$K13,"CHECK: extracted > inserted",IF($M13>1.5,"CHECK: >50% compaction","OK"))))))) | S13: =IF($B13="","",IF($J13<>"",$J13,IF(CORER_DIAMETER_CM<>"",CORER_DIAMETER_CM,""))) | T13: =IF($B13="","",IF($J13<>"","this core",IF(CORER_DIAMETER_CM<>"","Instructions","missing")))
M14: =IF(AND($K14<>"",$L14<>""),$K14/$L14,IF(LOWER(TRIM($Q14))="assume none",1,"")) | N14: =IF(OR($K14="",$L14=""),"",$K14-$L14) | O14: =IF($B14="","",IF(COUNTIF($B$6:$B$35,$B14)>1,"CHECK: duplicate Core ID",IF($S14="","CHECK: corer diameter missing",IF(AND($K14="",$L14=""),IF($M14=1,"ASSUMED: no compaction (not measured)","CHECK: compaction not recorded"),IF(OR($K14="",$L14=""),"CHECK: one depth missing",IF($L14>$K14,"CHECK: extracted > inserted",IF($M14>1.5,"CHECK: >50% compaction","OK"))))))) | S14: =IF($B14="","",IF($J14<>"",$J14,IF(CORER_DIAMETER_CM<>"",CORER_DIAMETER_CM,""))) | T14: =IF($B14="","",IF($J14<>"","this core",IF(CORER_DIAMETER_CM<>"","Instructions","missing")))
M15: =IF(AND($K15<>"",$L15<>""),$K15/$L15,IF(LOWER(TRIM($Q15))="assume none",1,"")) | N15: =IF(OR($K15="",$L15=""),"",$K15-$L15) | O15: =IF($B15="","",IF(COUNTIF($B$6:$B$35,$B15)>1,"CHECK: duplicate Core ID",IF($S15="","CHECK: corer diameter missing",IF(AND($K15="",$L15=""),IF($M15=1,"ASSUMED: no compaction (not measured)","CHECK: compaction not recorded"),IF(OR($K15="",$L15=""),"CHECK: one depth missing",IF($L15>$K15,"CHECK: extracted > inserted",IF($M15>1.5,"CHECK: >50% compaction","OK"))))))) | S15: =IF($B15="","",IF($J15<>"",$J15,IF(CORER_DIAMETER_CM<>"",CORER_DIAMETER_CM,""))) | T15: =IF($B15="","",IF($J15<>"","this core",IF(CORER_DIAMETER_CM<>"","Instructions","missing")))
M16: =IF(AND($K16<>"",$L16<>""),$K16/$L16,IF(LOWER(TRIM($Q16))="assume none",1,"")) | N16: =IF(OR($K16="",$L16=""),"",$K16-$L16) | O16: =IF($B16="","",IF(COUNTIF($B$6:$B$35,$B16)>1,"CHECK: duplicate Core ID",IF($S16="","CHECK: corer diameter missing",IF(AND($K16="",$L16=""),IF($M16=1,"ASSUMED: no compaction (not measured)","CHECK: compaction not recorded"),IF(OR($K16="",$L16=""),"CHECK: one depth missing",IF($L16>$K16,"CHECK: extracted > inserted",IF($M16>1.5,"CHECK: >50% compaction","OK"))))))) | S16: =IF($B16="","",IF($J16<>"",$J16,IF(CORER_DIAMETER_CM<>"",CORER_DIAMETER_CM,""))) | T16: =IF($B16="","",IF($J16<>"","this core",IF(CORER_DIAMETER_CM<>"","Instructions","missing")))
M17: =IF(AND($K17<>"",$L17<>""),$K17/$L17,IF(LOWER(TRIM($Q17))="assume none",1,"")) | N17: =IF(OR($K17="",$L17=""),"",$K17-$L17) | O17: =IF($B17="","",IF(COUNTIF($B$6:$B$35,$B17)>1,"CHECK: duplicate Core ID",IF($S17="","CHECK: corer diameter missing",IF(AND($K17="",$L17=""),IF($M17=1,"ASSUMED: no compaction (not measured)","CHECK: compaction not recorded"),IF(OR($K17="",$L17=""),"CHECK: one depth missing",IF($L17>$K17,"CHECK: extracted > inserted",IF($M17>1.5,"CHECK: >50% compaction","OK"))))))) | S17: =IF($B17="","",IF($J17<>"",$J17,IF(CORER_DIAMETER_CM<>"",CORER_DIAMETER_CM,""))) | T17: =IF($B17="","",IF($J17<>"","this core",IF(CORER_DIAMETER_CM<>"","Instructions","missing")))
M18: =IF(AND($K18<>"",$L18<>""),$K18/$L18,IF(LOWER(TRIM($Q18))="assume none",1,"")) | N18: =IF(OR($K18="",$L18=""),"",$K18-$L18) | O18: =IF($B18="","",IF(COUNTIF($B$6:$B$35,$B18)>1,"CHECK: duplicate Core ID",IF($S18="","CHECK: corer diameter missing",IF(AND($K18="",$L18=""),IF($M18=1,"ASSUMED: no compaction (not measured)","CHECK: compaction not recorded"),IF(OR($K18="",$L18=""),"CHECK: one depth missing",IF($L18>$K18,"CHECK: extracted > inserted",IF($M18>1.5,"CHECK: >50% compaction","OK"))))))) | S18: =IF($B18="","",IF($J18<>"",$J18,IF(CORER_DIAMETER_CM<>"",CORER_DIAMETER_CM,""))) | T18: =IF($B18="","",IF($J18<>"","this core",IF(CORER_DIAMETER_CM<>"","Instructions","missing")))
M19: =IF(AND($K19<>"",$L19<>""),$K19/$L19,IF(LOWER(TRIM($Q19))="assume none",1,"")) | N19: =IF(OR($K19="",$L19=""),"",$K19-$L19) | O19: =IF($B19="","",IF(COUNTIF($B$6:$B$35,$B19)>1,"CHECK: duplicate Core ID",IF($S19="","CHECK: corer diameter missing",IF(AND($K19="",$L19=""),IF($M19=1,"ASSUMED: no compaction (not measured)","CHECK: compaction not recorded"),IF(OR($K19="",$L19=""),"CHECK: one depth missing",IF($L19>$K19,"CHECK: extracted > inserted",IF($M19>1.5,"CHECK: >50% compaction","OK"))))))) | S19: =IF($B19="","",IF($J19<>"",$J19,IF(CORER_DIAMETER_CM<>"",CORER_DIAMETER_CM,""))) | T19: =IF($B19="","",IF($J19<>"","this core",IF(CORER_DIAMETER_CM<>"","Instructions","missing")))
M20: =IF(AND($K20<>"",$L20<>""),$K20/$L20,IF(LOWER(TRIM($Q20))="assume none",1,"")) | N20: =IF(OR($K20="",$L20=""),"",$K20-$L20) | O20: =IF($B20="","",IF(COUNTIF($B$6:$B$35,$B20)>1,"CHECK: duplicate Core ID",IF($S20="","CHECK: corer diameter missing",IF(AND($K20="",$L20=""),IF($M20=1,"ASSUMED: no compaction (not measured)","CHECK: compaction not recorded"),IF(OR($K20="",$L20=""),"CHECK: one depth missing",IF($L20>$K20,"CHECK: extracted > inserted",IF($M20>1.5,"CHECK: >50% compaction","OK"))))))) | S20: =IF($B20="","",IF($J20<>"",$J20,IF(CORER_DIAMETER_CM<>"",CORER_DIAMETER_CM,""))) | T20: =IF($B20="","",IF($J20<>"","this core",IF(CORER_DIAMETER_CM<>"","Instructions","missing")))
... M35: =IF(AND($K35<>"",$L35<>""),$K35/$L35,IF(LOWER(TRIM($Q35))="assume none",1,"")) | N35: =IF(OR($K35="",$L35=""),"",$K35-$L35) | O35: =IF($B35="","",IF(COUNTIF($B$6:$B$35,$B35)>1,"CHECK: duplicate Core ID",IF($S35="","CHECK: corer diameter missing",IF(AND($K35="",$L35=""),IF($M35=1,"ASSUMED: no compaction (not measured)","CHECK: compaction not recorded"),IF(OR($K35="",$L35=""),"CHECK: one depth missing",IF($L35>$K35,"CHECK: extracted > inserted",IF($M35>1.5,"CHECK: >50% compaction","OK"))))))) | S35: =IF($B35="","",IF($J35<>"",$J35,IF(CORER_DIAMETER_CM<>"",CORER_DIAMETER_CM,""))) | T35: =IF($B35="","",IF($J35<>"","this core",IF(CORER_DIAMETER_CM<>"","Instructions","missing")))
A37: Definitions — outside vs inside depth
A38: Outside depth = how far the corer was driven into the sediment (the datasheet's 'Depth of corer inserted'). Inside depth = the length of core actually recovered in the tube ('Length of core extracted'). Compaction factor = outside / inside: the number a measured depth is multiplied by to give its true in-situ depth. If compaction was not measured, leave both blank and type 'assume none' in column Q only if you have a reason to believe there was none — the QC check will then say ASSUMED, never OK. Stratum: the code from your sampling design (Part 2), e.g. SG; leave blank if you did not stratify. Corer diameter: enter it once on the Instructions tab (YOUR CORER); fill column J only for a core taken with a different tube. Column S shows the diameter used.

Sheet 3. Sample Data
A1: Sample Data — one row per slice
A2: Type only in the yellow columns. Core ID must match Sheet 2 exactly. Enter the carbon value as a percent of dry mass (0.9 means 0.9%), and say what it is in column O: OC, TC or LOI.
A4: 1. Data from the field | F4: 2. Calculated before the lab | L4: 3. Measured by the lab | P4: 4. Calculated after the lab | AA4: 5. Check
A5: Core ID | B5: Sample ID | C5: Top depth (cm) | D5: Bottom depth (cm) | E5: Notes | F5: Depth interval (cm) | G5: Compaction factor | H5: Corer diameter (cm) | I5: In-situ top depth (cm) | J5: In-situ bottom depth (cm) | K5: Sample volume (cm3) | L5: Wet weight (g) | M5: Dry weight (g) whole slice | N5: Carbon value (% of dry mass) | O5: Carbon measured as OC / TC / LOI | P5: Water content (%) | Q5: Dry bulk density (g/cm3) | R5: Organic carbon (%) | S5: Organic carbon (g/kg) | T5: Carbon density (g C/cm3) | U5: Carbon stock (g C/cm2) | V5: Carbon stock (kg C/m2) | W5: Stock in 0–15 cm (kg C/m2) | X5: Stock in 15–30 cm (kg C/m2) | Y5: Stock in 30–50 cm (kg C/m2) | Z5: Stock in 50–100 cm (kg C/m2) | AA5: Slice check
A6: COW-S5 | B6: 1 | C6: 0 | D6: 1 | E6: OC: elemental analyser, carbonate removed by acid fumigation. Dry weight back-calculated from published bulk density. | F6: =IF(OR($C6="",$D6=""),"",$D6-$C6) -> 1 | G6: =IF($A6="","",IFERROR(INDEX('2. Plot & Core Log'!$M$6:$M$35,MATCH($A6,'2. Plot & Core Log'!$B$6:$B$35,0)),"")) -> 1 | H6: =IF($A6="","",IFERROR(INDEX('2. Plot & Core Log'!$S$6:$S$35,MATCH($A6,'2. Plot & Core Log'!$B$6:$B$35,0)),"")) -> 7.6 | I6: =IF(OR($C6="",$G6=""),"",$C6*$G6) -> 0 | J6: =IF(OR($D6="",$G6=""),"",$D6*$G6) -> 1 | K6: =IF(OR($F6="",$H6=""),"",PI()*(($H6/2)^2)*$F6) -> 45.364598 | M6: 53.98 | N6: 0.9 | O6: OC | P6: =IF(OR($L6="",$M6="",$L6=0),"",(($L6-$M6)/$L6)*100) | Q6: =IF(OR($M6="",$K6="",$K6=0),"",$M6/$K6) -> 1.1899147 | R6: =IF(OR($N6="",$O6=""),"",IF(UPPER($O6)="OC",$N6,IF(UPPER($O6)="LOI",IF(OR(LOI_INTERCEPT="",LOI_SLOPE=""),"",IF(LOI_INTERCEPT+LOI_SLOPE*$N6<0,"",LOI_INTERCEPT+LOI_SLOPE*$N6)),""))) -> 0.9 | S6: =IF($R6="","",$R6*10) -> 9 | T6: =IF(OR($Q6="",$R6=""),"",$Q6*$R6/100) -> 0.010709232 | U6: =IF(OR($T6="",$F6=""),"",$T6*$F6) -> 0.010709232 | V6: =IF($U6="","",$U6*10) -> 0.10709232 | W6: =IF(OR($V6="",$I6="",$J6="",$J6<=$I6),"",$V6*MAX(0,MIN($J6,15)-MAX($I6,0))/($J6-$I6)) -> 0.10709232 | X6: =IF(OR($V6="",$I6="",$J6="",$J6<=$I6),"",$V6*MAX(0,MIN($J6,30)-MAX($I6,15))/($J6-$I6)) -> 0 | Y6: =IF(OR($V6="",$I6="",$J6="",$J6<=$I6),"",$V6*MAX(0,MIN($J6,50)-MAX($I6,30))/($J6-$I6)) -> 0 | Z6: =IF(OR($V6="",$I6="",$J6="",$J6<=$I6),"",$V6*MAX(0,MIN($J6,100)-MAX($I6,50))/($J6-$I6)) -> 0 | AA6: =IF($A6="","",IF(OR($C6="",$D6="",$D6<=$C6),"CHECK: depths missing, or bottom not below top",IF(COUNTIFS($A$6:$A$205,$A6,$C$6:$C$205,$C6)>1,"DUPLICATE slice",IF(COUNTIFS($A$6:$A$205,$A6,$C$6:$C$205,"<"&$D6,$D$6:$D$205,">"&$C6)>1,"OVERLAP with another slice",IF(AND($C6>0,COUNTIFS($A$6:$A$205,$A6,$D$6:$D$205,$C6)=0),"GAP above this slice",IF(OR($G6="",$H6=""),"CHECK: Core ID not in Core Log, or its compaction / diameter missing",IF(AND(IF(COUNTIFS('2. Plot & Core Log'!$B$6:$B$35,$A6,'2. Plot & Core Log'!$L$6:$L$35,">0")=0,"",SUMIFS('2. Plot & Core Log'!$L$6:$L$35,'2. Plot & Core Log'!$B$6:$B$35,$A6))<>"",$D6>IF(COUNTIFS('2. Plot & Core Log'!$B$6:$B$35,$A6,'2. Plot & Core Log'!$L$6:$L$35,">0")=0,"",SUMIFS('2. Plot & Core Log'!$L$6:$L$35,'2. Plot & Core Log'!$B$6:$B$35,$A6))),"CHECK: slice deeper than the core length on Sheet 2",IF(OR($M6="",$N6="",$O6=""),"AWAITING LAB (dry weight, carbon value or type)",IF(AND(UPPER($O6)<>"OC",UPPER($O6)<>"LOI"),IF(UPPER($O6)="TC","TC is not organic carbon — ask the lab for OC or IC","CHECK: type must be OC, TC or LOI"),IF($R6="",IF(AND(LOI_INTERCEPT<>"",LOI_SLOPE<>""),"CHECK: LOI below the range of the conversion equation (OC would be < 0)","CHECK: LOI conversion not set (Instructions tab)"),IF(OR($Q6<=0,$Q6>2.65,$R6>50),"CHECK: bulk density outside 0–2.65 g/cm3 or OC > 50%","OK"))))))))))) -> OK
A7: COW-S5 | B7: 2 | C7: 1 | D7: 2 | E7: LOI 550 °C, 5 h (no elemental C for this slice). Dry weight back-calculated from published bulk density. | F7: =IF(OR($C7="",$D7=""),"",$D7-$C7) -> 1 | G7: =IF($A7="","",IFERROR(INDEX('2. Plot & Core Log'!$M$6:$M$35,MATCH($A7,'2. Plot & Core Log'!$B$6:$B$35,0)),"")) -> 1 | H7: =IF($A7="","",IFERROR(INDEX('2. Plot & Core Log'!$S$6:$S$35,MATCH($A7,'2. Plot & Core Log'!$B$6:$B$35,0)),"")) -> 7.6 | I7: =IF(OR($C7="",$G7=""),"",$C7*$G7) -> 1 | J7: =IF(OR($D7="",$G7=""),"",$D7*$G7) -> 2 | K7: =IF(OR($F7="",$H7=""),"",PI()*(($H7/2)^2)*$F7) -> 45.364598 | M7: 69.86 | N7: 3 | O7: LOI | P7: =IF(OR($L7="",$M7="",$L7=0),"",(($L7-$M7)/$L7)*100) | Q7: =IF(OR($M7="",$K7="",$K7=0),"",$M7/$K7) -> 1.5399674 | R7: =IF(OR($N7="",$O7=""),"",IF(UPPER($O7)="OC",$N7,IF(UPPER($O7)="LOI",IF(OR(LOI_INTERCEPT="",LOI_SLOPE=""),"",IF(LOI_INTERCEPT+LOI_SLOPE*$N7<0,"",LOI_INTERCEPT+LOI_SLOPE*$N7)),""))) -> 0.763 | S7: =IF($R7="","",$R7*10) -> 7.63 | T7: =IF(OR($Q7="",$R7=""),"",$Q7*$R7/100) -> 0.011749951 | U7: =IF(OR($T7="",$F7=""),"",$T7*$F7) -> 0.011749951 | V7: =IF($U7="","",$U7*10) -> 0.11749951 | W7: =IF(OR($V7="",$I7="",$J7="",$J7<=$I7),"",$V7*MAX(0,MIN($J7,15)-MAX($I7,0))/($J7-$I7)) -> 0.11749951 | X7: =IF(OR($V7="",$I7="",$J7="",$J7<=$I7),"",$V7*MAX(0,MIN($J7,30)-MAX($I7,15))/($J7-$I7)) -> 0 | Y7: =IF(OR($V7="",$I7="",$J7="",$J7<=$I7),"",$V7*MAX(0,MIN($J7,50)-MAX($I7,30))/($J7-$I7)) -> 0 | Z7: =IF(OR($V7="",$I7="",$J7="",$J7<=$I7),"",$V7*MAX(0,MIN($J7,100)-MAX($I7,50))/($J7-$I7)) -> 0 | AA7: =IF($A7="","",IF(OR($C7="",$D7="",$D7<=$C7),"CHECK: depths missing, or bottom not below top",IF(COUNTIFS($A$6:$A$205,$A7,$C$6:$C$205,$C7)>1,"DUPLICATE slice",IF(COUNTIFS($A$6:$A$205,$A7,$C$6:$C$205,"<"&$D7,$D$6:$D$205,">"&$C7)>1,"OVERLAP with another slice",IF(AND($C7>0,COUNTIFS($A$6:$A$205,$A7,$D$6:$D$205,$C7)=0),"GAP above this slice",IF(OR($G7="",$H7=""),"CHECK: Core ID not in Core Log, or its compaction / diameter missing",IF(AND(IF(COUNTIFS('2. Plot & Core Log'!$B$6:$B$35,$A7,'2. Plot & Core Log'!$L$6:$L$35,">0")=0,"",SUMIFS('2. Plot & Core Log'!$L$6:$L$35,'2. Plot & Core Log'!$B$6:$B$35,$A7))<>"",$D7>IF(COUNTIFS('2. Plot & Core Log'!$B$6:$B$35,$A7,'2. Plot & Core Log'!$L$6:$L$35,">0")=0,"",SUMIFS('2. Plot & Core Log'!$L$6:$L$35,'2. Plot & Core Log'!$B$6:$B$35,$A7))),"CHECK: slice deeper than the core length on Sheet 2",IF(OR($M7="",$N7="",$O7=""),"AWAITING LAB (dry weight, carbon value or type)",IF(AND(UPPER($O7)<>"OC",UPPER($O7)<>"LOI"),IF(UPPER($O7)="TC","TC is not organic carbon — ask the lab for OC or IC","CHECK: type must be OC, TC or LOI"),IF($R7="",IF(AND(LOI_INTERCEPT<>"",LOI_SLOPE<>""),"CHECK: LOI below the range of the conversion equation (OC would be < 0)","CHECK: LOI conversion not set (Instructions tab)"),IF(OR($Q7<=0,$Q7>2.65,$R7>50),"CHECK: bulk density outside 0–2.65 g/cm3 or OC > 50%","OK"))))))))))) -> OK
A8: COW-S5 | B8: 3 | C8: 2 | D8: 3 | E8: LOI 550 °C, 5 h (no elemental C for this slice). Dry weight back-calculated from published bulk density. | F8: =IF(OR($C8="",$D8=""),"",$D8-$C8) -> 1 | G8: =IF($A8="","",IFERROR(INDEX('2. Plot & Core Log'!$M$6:$M$35,MATCH($A8,'2. Plot & Core Log'!$B$6:$B$35,0)),"")) -> 1 | H8: =IF($A8="","",IFERROR(INDEX('2. Plot & Core Log'!$S$6:$S$35,MATCH($A8,'2. Plot & Core Log'!$B$6:$B$35,0)),"")) -> 7.6 | I8: =IF(OR($C8="",$G8=""),"",$C8*$G8) -> 2 | J8: =IF(OR($D8="",$G8=""),"",$D8*$G8) -> 3 | K8: =IF(OR($F8="",$H8=""),"",PI()*(($H8/2)^2)*$F8) -> 45.364598 | M8: 75.76 | N8: 2.9 | O8: LOI | P8: =IF(OR($L8="",$M8="",$L8=0),"",(($L8-$M8)/$L8)*100) | Q8: =IF(OR($M8="",$K8="",$K8=0),"",$M8/$K8) -> 1.6700247 | R8: =IF(OR($N8="",$O8=""),"",IF(UPPER($O8)="OC",$N8,IF(UPPER($O8)="LOI",IF(OR(LOI_INTERCEPT="",LOI_SLOPE=""),"",IF(LOI_INTERCEPT+LOI_SLOPE*$N8<0,"",LOI_INTERCEPT+LOI_SLOPE*$N8)),""))) -> 0.731 | S8: =IF($R8="","",$R8*10) -> 7.31 | T8: =IF(OR($Q8="",$R8=""),"",$Q8*$R8/100) -> 0.012207881 | U8: =IF(OR($T8="",$F8=""),"",$T8*$F8) -> 0.012207881 | V8: =IF($U8="","",$U8*10) -> 0.12207881 | W8: =IF(OR($V8="",$I8="",$J8="",$J8<=$I8),"",$V8*MAX(0,MIN($J8,15)-MAX($I8,0))/($J8-$I8)) -> 0.12207881 | X8: =IF(OR($V8="",$I8="",$J8="",$J8<=$I8),"",$V8*MAX(0,MIN($J8,30)-MAX($I8,15))/($J8-$I8)) -> 0 | Y8: =IF(OR($V8="",$I8="",$J8="",$J8<=$I8),"",$V8*MAX(0,MIN($J8,50)-MAX($I8,30))/($J8-$I8)) -> 0 | Z8: =IF(OR($V8="",$I8="",$J8="",$J8<=$I8),"",$V8*MAX(0,MIN($J8,100)-MAX($I8,50))/($J8-$I8)) -> 0 | AA8: =IF($A8="","",IF(OR($C8="",$D8="",$D8<=$C8),"CHECK: depths missing, or bottom not below top",IF(COUNTIFS($A$6:$A$205,$A8,$C$6:$C$205,$C8)>1,"DUPLICATE slice",IF(COUNTIFS($A$6:$A$205,$A8,$C$6:$C$205,"<"&$D8,$D$6:$D$205,">"&$C8)>1,"OVERLAP with another slice",IF(AND($C8>0,COUNTIFS($A$6:$A$205,$A8,$D$6:$D$205,$C8)=0),"GAP above this slice",IF(OR($G8="",$H8=""),"CHECK: Core ID not in Core Log, or its compaction / diameter missing",IF(AND(IF(COUNTIFS('2. Plot & Core Log'!$B$6:$B$35,$A8,'2. Plot & Core Log'!$L$6:$L$35,">0")=0,"",SUMIFS('2. Plot & Core Log'!$L$6:$L$35,'2. Plot & Core Log'!$B$6:$B$35,$A8))<>"",$D8>IF(COUNTIFS('2. Plot & Core Log'!$B$6:$B$35,$A8,'2. Plot & Core Log'!$L$6:$L$35,">0")=0,"",SUMIFS('2. Plot & Core Log'!$L$6:$L$35,'2. Plot & Core Log'!$B$6:$B$35,$A8))),"CHECK: slice deeper than the core length on Sheet 2",IF(OR($M8="",$N8="",$O8=""),"AWAITING LAB (dry weight, carbon value or type)",IF(AND(UPPER($O8)<>"OC",UPPER($O8)<>"LOI"),IF(UPPER($O8)="TC","TC is not organic carbon — ask the lab for OC or IC","CHECK: type must be OC, TC or LOI"),IF($R8="",IF(AND(LOI_INTERCEPT<>"",LOI_SLOPE<>""),"CHECK: LOI below the range of the conversion equation (OC would be < 0)","CHECK: LOI conversion not set (Instructions tab)"),IF(OR($Q8<=0,$Q8>2.65,$R8>50),"CHECK: bulk density outside 0–2.65 g/cm3 or OC > 50%","OK"))))))))))) -> OK
A9: COW-S5 | B9: 4 | C9: 3 | D9: 4 | E9: LOI 550 °C, 5 h (no elemental C for this slice). Dry weight back-calculated from published bulk density. | F9: =IF(OR($C9="",$D9=""),"",$D9-$C9) -> 1 | G9: =IF($A9="","",IFERROR(INDEX('2. Plot & Core Log'!$M$6:$M$35,MATCH($A9,'2. Plot & Core Log'!$B$6:$B$35,0)),"")) -> 1 | H9: =IF($A9="","",IFERROR(INDEX('2. Plot & Core Log'!$S$6:$S$35,MATCH($A9,'2. Plot & Core Log'!$B$6:$B$35,0)),"")) -> 7.6 | I9: =IF(OR($C9="",$G9=""),"",$C9*$G9) -> 3 | J9: =IF(OR($D9="",$G9=""),"",$D9*$G9) -> 4 | K9: =IF(OR($F9="",$H9=""),"",PI()*(($H9/2)^2)*$F9) -> 45.364598 | M9: 74.4 | N9: 2.8 | O9: LOI | P9: =IF(OR($L9="",$M9="",$L9=0),"",(($L9-$M9)/$L9)*100) | Q9: =IF(OR($M9="",$K9="",$K9=0),"",$M9/$K9) -> 1.6400454 | R9: =IF(OR($N9="",$O9=""),"",IF(UPPER($O9)="OC",$N9,IF(UPPER($O9)="LOI",IF(OR(LOI_INTERCEPT="",LOI_SLOPE=""),"",IF(LOI_INTERCEPT+LOI_SLOPE*$N9<0,"",LOI_INTERCEPT+LOI_SLOPE*$N9)),""))) -> 0.699 | S9: =IF($R9="","",$R9*10) -> 6.99 | T9: =IF(OR($Q9="",$R9=""),"",$Q9*$R9/100) -> 0.011463917 | U9: =IF(OR($T9="",$F9=""),"",$T9*$F9) -> 0.011463917 | V9: =IF($U9="","",$U9*10) -> 0.11463917 | W9: =IF(OR($V9="",$I9="",$J9="",$J9<=$I9),"",$V9*MAX(0,MIN($J9,15)-MAX($I9,0))/($J9-$I9)) -> 0.11463917 | X9: =IF(OR($V9="",$I9="",$J9="",$J9<=$I9),"",$V9*MAX(0,MIN($J9,30)-MAX($I9,15))/($J9-$I9)) -> 0 | Y9: =IF(OR($V9="",$I9="",$J9="",$J9<=$I9),"",$V9*MAX(0,MIN($J9,50)-MAX($I9,30))/($J9-$I9)) -> 0 | Z9: =IF(OR($V9="",$I9="",$J9="",$J9<=$I9),"",$V9*MAX(0,MIN($J9,100)-MAX($I9,50))/($J9-$I9)) -> 0 | AA9: =IF($A9="","",IF(OR($C9="",$D9="",$D9<=$C9),"CHECK: depths missing, or bottom not below top",IF(COUNTIFS($A$6:$A$205,$A9,$C$6:$C$205,$C9)>1,"DUPLICATE slice",IF(COUNTIFS($A$6:$A$205,$A9,$C$6:$C$205,"<"&$D9,$D$6:$D$205,">"&$C9)>1,"OVERLAP with another slice",IF(AND($C9>0,COUNTIFS($A$6:$A$205,$A9,$D$6:$D$205,$C9)=0),"GAP above this slice",IF(OR($G9="",$H9=""),"CHECK: Core ID not in Core Log, or its compaction / diameter missing",IF(AND(IF(COUNTIFS('2. Plot & Core Log'!$B$6:$B$35,$A9,'2. Plot & Core Log'!$L$6:$L$35,">0")=0,"",SUMIFS('2. Plot & Core Log'!$L$6:$L$35,'2. Plot & Core Log'!$B$6:$B$35,$A9))<>"",$D9>IF(COUNTIFS('2. Plot & Core Log'!$B$6:$B$35,$A9,'2. Plot & Core Log'!$L$6:$L$35,">0")=0,"",SUMIFS('2. Plot & Core Log'!$L$6:$L$35,'2. Plot & Core Log'!$B$6:$B$35,$A9))),"CHECK: slice deeper than the core length on Sheet 2",IF(OR($M9="",$N9="",$O9=""),"AWAITING LAB (dry weight, carbon value or type)",IF(AND(UPPER($O9)<>"OC",UPPER($O9)<>"LOI"),IF(UPPER($O9)="TC","TC is not organic carbon — ask the lab for OC or IC","CHECK: type must be OC, TC or LOI"),IF($R9="",IF(AND(LOI_INTERCEPT<>"",LOI_SLOPE<>""),"CHECK: LOI below the range of the conversion equation (OC would be < 0)","CHECK: LOI conversion not set (Instructions tab)"),IF(OR($Q9<=0,$Q9>2.65,$R9>50),"CHECK: bulk density outside 0–2.65 g/cm3 or OC > 50%","OK"))))))))))) -> OK
A10: COW-S5 | B10: 5 | C10: 4 | D10: 5 | E10: LOI 550 °C, 5 h (no elemental C for this slice). Dry weight back-calculated from published bulk density. | F10: =IF(OR($C10="",$D10=""),"",$D10-$C10) -> 1 | G10: =IF($A10="","",IFERROR(INDEX('2. Plot & Core Log'!$M$6:$M$35,MATCH($A10,'2. Plot & Core Log'!$B$6:$B$35,0)),"")) -> 1 | H10: =IF($A10="","",IFERROR(INDEX('2. Plot & Core Log'!$S$6:$S$35,MATCH($A10,'2. Plot & Core Log'!$B$6:$B$35,0)),"")) -> 7.6 | I10: =IF(OR($C10="",$G10=""),"",$C10*$G10) -> 4 | J10: =IF(OR($D10="",$G10=""),"",$D10*$G10) -> 5 | K10: =IF(OR($F10="",$H10=""),"",PI()*(($H10/2)^2)*$F10) -> 45.364598 | M10: 69.86 | N10: 2.9 | O10: LOI | P10: =IF(OR($L10="",$M10="",$L10=0),"",(($L10-$M10)/$L10)*100) | Q10: =IF(OR($M10="",$K10="",$K10=0),"",$M10/$K10) -> 1.5399674 | R10: =IF(OR($N10="",$O10=""),"",IF(UPPER($O10)="OC",$N10,IF(UPPER($O10)="LOI",IF(OR(LOI_INTERCEPT="",LOI_SLOPE=""),"",IF(LOI_INTERCEPT+LOI_SLOPE*$N10<0,"",LOI_INTERCEPT+LOI_SLOPE*$N10)),""))) -> 0.731 | S10: =IF($R10="","",$R10*10) -> 7.31 | T10: =IF(OR($Q10="",$R10=""),"",$Q10*$R10/100) -> 0.011257161 | U10: =IF(OR($T10="",$F10=""),"",$T10*$F10) -> 0.011257161 | V10: =IF($U10="","",$U10*10) -> 0.11257161 | W10: =IF(OR($V10="",$I10="",$J10="",$J10<=$I10),"",$V10*MAX(0,MIN($J10,15)-MAX($I10,0))/($J10-$I10)) -> 0.11257161 | X10: =IF(OR($V10="",$I10="",$J10="",$J10<=$I10),"",$V10*MAX(0,MIN($J10,30)-MAX($I10,15))/($J10-$I10)) -> 0 | Y10: =IF(OR($V10="",$I10="",$J10="",$J10<=$I10),"",$V10*MAX(0,MIN($J10,50)-MAX($I10,30))/($J10-$I10)) -> 0 | Z10: =IF(OR($V10="",$I10="",$J10="",$J10<=$I10),"",$V10*MAX(0,MIN($J10,100)-MAX($I10,50))/($J10-$I10)) -> 0 | AA10: =IF($A10="","",IF(OR($C10="",$D10="",$D10<=$C10),"CHECK: depths missing, or bottom not below top",IF(COUNTIFS($A$6:$A$205,$A10,$C$6:$C$205,$C10)>1,"DUPLICATE slice",IF(COUNTIFS($A$6:$A$205,$A10,$C$6:$C$205,"<"&$D10,$D$6:$D$205,">"&$C10)>1,"OVERLAP with another slice",IF(AND($C10>0,COUNTIFS($A$6:$A$205,$A10,$D$6:$D$205,$C10)=0),"GAP above this slice",IF(OR($G10="",$H10=""),"CHECK: Core ID not in Core Log, or its compaction / diameter missing",IF(AND(IF(COUNTIFS('2. Plot & Core Log'!$B$6:$B$35,$A10,'2. Plot & Core Log'!$L$6:$L$35,">0")=0,"",SUMIFS('2. Plot & Core Log'!$L$6:$L$35,'2. Plot & Core Log'!$B$6:$B$35,$A10))<>"",$D10>IF(COUNTIFS('2. Plot & Core Log'!$B$6:$B$35,$A10,'2. Plot & Core Log'!$L$6:$L$35,">0")=0,"",SUMIFS('2. Plot & Core Log'!$L$6:$L$35,'2. Plot & Core Log'!$B$6:$B$35,$A10))),"CHECK: slice deeper than the core length on Sheet 2",IF(OR($M10="",$N10="",$O10=""),"AWAITING LAB (dry weight, carbon value or type)",IF(AND(UPPER($O10)<>"OC",UPPER($O10)<>"LOI"),IF(UPPER($O10)="TC","TC is not organic carbon — ask the lab for OC or IC","CHECK: type must be OC, TC or LOI"),IF($R10="",IF(AND(LOI_INTERCEPT<>"",LOI_SLOPE<>""),"CHECK: LOI below the range of the conversion equation (OC would be < 0)","CHECK: LOI conversion not set (Instructions tab)"),IF(OR($Q10<=0,$Q10>2.65,$R10>50),"CHECK: bulk density outside 0–2.65 g/cm3 or OC > 50%","OK"))))))))))) -> OK
A11: COW-S5 | B11: 6 | C11: 5 | D11: 6 | E11: LOI 550 °C, 5 h (no elemental C for this slice). Dry weight back-calculated from published bulk density. | F11: =IF(OR($C11="",$D11=""),"",$D11-$C11) -> 1 | G11: =IF($A11="","",IFERROR(INDEX('2. Plot & Core Log'!$M$6:$M$35,MATCH($A11,'2. Plot & Core Log'!$B$6:$B$35,0)),"")) -> 1 | H11: =IF($A11="","",IFERROR(INDEX('2. Plot & Core Log'!$S$6:$S$35,MATCH($A11,'2. Plot & Core Log'!$B$6:$B$35,0)),"")) -> 7.6 | I11: =IF(OR($C11="",$G11=""),"",$C11*$G11) -> 5 | J11: =IF(OR($D11="",$G11=""),"",$D11*$G11) -> 6 | K11: =IF(OR($F11="",$H11=""),"",PI()*(($H11/2)^2)*$F11) -> 45.364598 | M11: 73.04 | N11: 3.3 | O11: LOI | P11: =IF(OR($L11="",$M11="",$L11=0),"",(($L11-$M11)/$L11)*100) | Q11: =IF(OR($M11="",$K11="",$K11=0),"",$M11/$K11) -> 1.6100661 | R11: =IF(OR($N11="",$O11=""),"",IF(UPPER($O11)="OC",$N11,IF(UPPER($O11)="LOI",IF(OR(LOI_INTERCEPT="",LOI_SLOPE=""),"",IF(LOI_INTERCEPT+LOI_SLOPE*$N11<0,"",LOI_INTERCEPT+LOI_SLOPE*$N11)),""))) -> 0.859 | S11: =IF($R11="","",$R11*10) -> 8.59 | T11: =IF(OR($Q11="",$R11=""),"",$Q11*$R11/100) -> 0.013830468 | U11: =IF(OR($T11="",$F11=""),"",$T11*$F11) -> 0.013830468 | V11: =IF($U11="","",$U11*10) -> 0.13830468 | W11: =IF(OR($V11="",$I11="",$J11="",$J11<=$I11),"",$V11*MAX(0,MIN($J11,15)-MAX($I11,0))/($J11-$I11)) -> 0.13830468 | X11: =IF(OR($V11="",$I11="",$J11="",$J11<=$I11),"",$V11*MAX(0,MIN($J11,30)-MAX($I11,15))/($J11-$I11)) -> 0 | Y11: =IF(OR($V11="",$I11="",$J11="",$J11<=$I11),"",$V11*MAX(0,MIN($J11,50)-MAX($I11,30))/($J11-$I11)) -> 0 | Z11: =IF(OR($V11="",$I11="",$J11="",$J11<=$I11),"",$V11*MAX(0,MIN($J11,100)-MAX($I11,50))/($J11-$I11)) -> 0 | AA11: =IF($A11="","",IF(OR($C11="",$D11="",$D11<=$C11),"CHECK: depths missing, or bottom not below top",IF(COUNTIFS($A$6:$A$205,$A11,$C$6:$C$205,$C11)>1,"DUPLICATE slice",IF(COUNTIFS($A$6:$A$205,$A11,$C$6:$C$205,"<"&$D11,$D$6:$D$205,">"&$C11)>1,"OVERLAP with another slice",IF(AND($C11>0,COUNTIFS($A$6:$A$205,$A11,$D$6:$D$205,$C11)=0),"GAP above this slice",IF(OR($G11="",$H11=""),"CHECK: Core ID not in Core Log, or its compaction / diameter missing",IF(AND(IF(COUNTIFS('2. Plot & Core Log'!$B$6:$B$35,$A11,'2. Plot & Core Log'!$L$6:$L$35,">0")=0,"",SUMIFS('2. Plot & Core Log'!$L$6:$L$35,'2. Plot & Core Log'!$B$6:$B$35,$A11))<>"",$D11>IF(COUNTIFS('2. Plot & Core Log'!$B$6:$B$35,$A11,'2. Plot & Core Log'!$L$6:$L$35,">0")=0,"",SUMIFS('2. Plot & Core Log'!$L$6:$L$35,'2. Plot & Core Log'!$B$6:$B$35,$A11))),"CHECK: slice deeper than the core length on Sheet 2",IF(OR($M11="",$N11="",$O11=""),"AWAITING LAB (dry weight, carbon value or type)",IF(AND(UPPER($O11)<>"OC",UPPER($O11)<>"LOI"),IF(UPPER($O11)="TC","TC is not organic carbon — ask the lab for OC or IC","CHECK: type must be OC, TC or LOI"),IF($R11="",IF(AND(LOI_INTERCEPT<>"",LOI_SLOPE<>""),"CHECK: LOI below the range of the conversion equation (OC would be < 0)","CHECK: LOI conversion not set (Instructions tab)"),IF(OR($Q11<=0,$Q11>2.65,$R11>50),"CHECK: bulk density outside 0–2.65 g/cm3 or OC > 50%","OK"))))))))))) -> OK
A12: COW-S5 | B12: 7 | C12: 6 | D12: 7 | E12: LOI 550 °C, 5 h (no elemental C for this slice). Dry weight back-calculated from published bulk density. | F12: =IF(OR($C12="",$D12=""),"",$D12-$C12) -> 1 | G12: =IF($A12="","",IFERROR(INDEX('2. Plot & Core Log'!$M$6:$M$35,MATCH($A12,'2. Plot & Core Log'!$B$6:$B$35,0)),"")) -> 1 | H12: =IF($A12="","",IFERROR(INDEX('2. Plot & Core Log'!$S$6:$S$35,MATCH($A12,'2. Plot & Core Log'!$B$6:$B$35,0)),"")) -> 7.6 | I12: =IF(OR($C12="",$G12=""),"",$C12*$G12) -> 6 | J12: =IF(OR($D12="",$G12=""),"",$D12*$G12) -> 7 | K12: =IF(OR($F12="",$H12=""),"",PI()*(($H12/2)^2)*$F12) -> 45.364598 | M12: 69.86 | N12: 2.2 | O12: LOI | P12: =IF(OR($L12="",$M12="",$L12=0),"",(($L12-$M12)/$L12)*100) | Q12: =IF(OR($M12="",$K12="",$K12=0),"",$M12/$K12) -> 1.5399674 | R12: =IF(OR($N12="",$O12=""),"",IF(UPPER($O12)="OC",$N12,IF(UPPER($O12)="LOI",IF(OR(LOI_INTERCEPT="",LOI_SLOPE=""),"",IF(LOI_INTERCEPT+LOI_SLOPE*$N12<0,"",LOI_INTERCEPT+LOI_SLOPE*$N12)),""))) -> 0.507 | S12: =IF($R12="","",$R12*10) -> 5.07 | T12: =IF(OR($Q12="",$R12=""),"",$Q12*$R12/100) -> 0.0078076345 | U12: =IF(OR($T12="",$F12=""),"",$T12*$F12) -> 0.0078076345 | V12: =IF($U12="","",$U12*10) -> 0.078076345 | W12: =IF(OR($V12="",$I12="",$J12="",$J12<=$I12),"",$V12*MAX(0,MIN($J12,15)-MAX($I12,0))/($J12-$I12)) -> 0.078076345 | X12: =IF(OR($V12="",$I12="",$J12="",$J12<=$I12),"",$V12*MAX(0,MIN($J12,30)-MAX($I12,15))/($J12-$I12)) -> 0 | Y12: =IF(OR($V12="",$I12="",$J12="",$J12<=$I12),"",$V12*MAX(0,MIN($J12,50)-MAX($I12,30))/($J12-$I12)) -> 0 | Z12: =IF(OR($V12="",$I12="",$J12="",$J12<=$I12),"",$V12*MAX(0,MIN($J12,100)-MAX($I12,50))/($J12-$I12)) -> 0 | AA12: =IF($A12="","",IF(OR($C12="",$D12="",$D12<=$C12),"CHECK: depths missing, or bottom not below top",IF(COUNTIFS($A$6:$A$205,$A12,$C$6:$C$205,$C12)>1,"DUPLICATE slice",IF(COUNTIFS($A$6:$A$205,$A12,$C$6:$C$205,"<"&$D12,$D$6:$D$205,">"&$C12)>1,"OVERLAP with another slice",IF(AND($C12>0,COUNTIFS($A$6:$A$205,$A12,$D$6:$D$205,$C12)=0),"GAP above this slice",IF(OR($G12="",$H12=""),"CHECK: Core ID not in Core Log, or its compaction / diameter missing",IF(AND(IF(COUNTIFS('2. Plot & Core Log'!$B$6:$B$35,$A12,'2. Plot & Core Log'!$L$6:$L$35,">0")=0,"",SUMIFS('2. Plot & Core Log'!$L$6:$L$35,'2. Plot & Core Log'!$B$6:$B$35,$A12))<>"",$D12>IF(COUNTIFS('2. Plot & Core Log'!$B$6:$B$35,$A12,'2. Plot & Core Log'!$L$6:$L$35,">0")=0,"",SUMIFS('2. Plot & Core Log'!$L$6:$L$35,'2. Plot & Core Log'!$B$6:$B$35,$A12))),"CHECK: slice deeper than the core length on Sheet 2",IF(OR($M12="",$N12="",$O12=""),"AWAITING LAB (dry weight, carbon value or type)",IF(AND(UPPER($O12)<>"OC",UPPER($O12)<>"LOI"),IF(UPPER($O12)="TC","TC is not organic carbon — ask the lab for OC or IC","CHECK: type must be OC, TC or LOI"),IF($R12="",IF(AND(LOI_INTERCEPT<>"",LOI_SLOPE<>""),"CHECK: LOI below the range of the conversion equation (OC would be < 0)","CHECK: LOI conversion not set (Instructions tab)"),IF(OR($Q12<=0,$Q12>2.65,$R12>50),"CHECK: bulk density outside 0–2.65 g/cm3 or OC > 50%","OK"))))))))))) -> OK
A13: COW-S5 | B13: 8 | C13: 7 | D13: 8 | E13: LOI 550 °C, 5 h (no elemental C for this slice). Dry weight back-calculated from published bulk density. | F13: =IF(OR($C13="",$D13=""),"",$D13-$C13) -> 1 | G13: =IF($A13="","",IFERROR(INDEX('2. Plot & Core Log'!$M$6:$M$35,MATCH($A13,'2. Plot & Core Log'!$B$6:$B$35,0)),"")) -> 1 | H13: =IF($A13="","",IFERROR(INDEX('2. Plot & Core Log'!$S$6:$S$35,MATCH($A13,'2. Plot & Core Log'!$B$6:$B$35,0)),"")) -> 7.6 | I13: =IF(OR($C13="",$G13=""),"",$C13*$G13) -> 7 | J13: =IF(OR($D13="",$G13=""),"",$D13*$G13) -> 8 | K13: =IF(OR($F13="",$H13=""),"",PI()*(($H13/2)^2)*$F13) -> 45.364598 | M13: 82.56 | N13: 3.2 | O13: LOI | P13: =IF(OR($L13="",$M13="",$L13=0),"",(($L13-$M13)/$L13)*100) | Q13: =IF(OR($M13="",$K13="",$K13=0),"",$M13/$K13) -> 1.8199213 | R13: =IF(OR($N13="",$O13=""),"",IF(UPPER($O13)="OC",$N13,IF(UPPER($O13)="LOI",IF(OR(LOI_INTERCEPT="",LOI_SLOPE=""),"",IF(LOI_INTERCEPT+LOI_SLOPE*$N13<0,"",LOI_INTERCEPT+LOI_SLOPE*$N13)),""))) -> 0.827 | S13: =IF($R13="","",$R13*10) -> 8.27 | T13: =IF(OR($Q13="",$R13=""),"",$Q13*$R13/100) -> 0.01505075 | U13: =IF(OR($T13="",$F13=""),"",$T13*$F13) -> 0.01505075 | V13: =IF($U13="","",$U13*10) -> 0.1505075 | W13: =IF(OR($V13="",$I13="",$J13="",$J13<=$I13),"",$V13*MAX(0,MIN($J13,15)-MAX($I13,0))/($J13-$I13)) -> 0.1505075 | X13: =IF(OR($V13="",$I13="",$J13="",$J13<=$I13),"",$V13*MAX(0,MIN($J13,30)-MAX($I13,15))/($J13-$I13)) -> 0 | Y13: =IF(OR($V13="",$I13="",$J13="",$J13<=$I13),"",$V13*MAX(0,MIN($J13,50)-MAX($I13,30))/($J13-$I13)) -> 0 | Z13: =IF(OR($V13="",$I13="",$J13="",$J13<=$I13),"",$V13*MAX(0,MIN($J13,100)-MAX($I13,50))/($J13-$I13)) -> 0 | AA13: =IF($A13="","",IF(OR($C13="",$D13="",$D13<=$C13),"CHECK: depths missing, or bottom not below top",IF(COUNTIFS($A$6:$A$205,$A13,$C$6:$C$205,$C13)>1,"DUPLICATE slice",IF(COUNTIFS($A$6:$A$205,$A13,$C$6:$C$205,"<"&$D13,$D$6:$D$205,">"&$C13)>1,"OVERLAP with another slice",IF(AND($C13>0,COUNTIFS($A$6:$A$205,$A13,$D$6:$D$205,$C13)=0),"GAP above this slice",IF(OR($G13="",$H13=""),"CHECK: Core ID not in Core Log, or its compaction / diameter missing",IF(AND(IF(COUNTIFS('2. Plot & Core Log'!$B$6:$B$35,$A13,'2. Plot & Core Log'!$L$6:$L$35,">0")=0,"",SUMIFS('2. Plot & Core Log'!$L$6:$L$35,'2. Plot & Core Log'!$B$6:$B$35,$A13))<>"",$D13>IF(COUNTIFS('2. Plot & Core Log'!$B$6:$B$35,$A13,'2. Plot & Core Log'!$L$6:$L$35,">0")=0,"",SUMIFS('2. Plot & Core Log'!$L$6:$L$35,'2. Plot & Core Log'!$B$6:$B$35,$A13))),"CHECK: slice deeper than the core length on Sheet 2",IF(OR($M13="",$N13="",$O13=""),"AWAITING LAB (dry weight, carbon value or type)",IF(AND(UPPER($O13)<>"OC",UPPER($O13)<>"LOI"),IF(UPPER($O13)="TC","TC is not organic carbon — ask the lab for OC or IC","CHECK: type must be OC, TC or LOI"),IF($R13="",IF(AND(LOI_INTERCEPT<>"",LOI_SLOPE<>""),"CHECK: LOI below the range of the conversion equation (OC would be < 0)","CHECK: LOI conversion not set (Instructions tab)"),IF(OR($Q13<=0,$Q13>2.65,$R13>50),"CHECK: bulk density outside 0–2.65 g/cm3 or OC > 50%","OK"))))))))))) -> OK
A14: COW-S5 | B14: 9 | C14: 8 | D14: 9 | E14: LOI 550 °C, 5 h (no elemental C for this slice). Dry weight back-calculated from published bulk density. | F14: =IF(OR($C14="",$D14=""),"",$D14-$C14) -> 1 | G14: =IF($A14="","",IFERROR(INDEX('2. Plot & Core Log'!$M$6:$M$35,MATCH($A14,'2. Plot & Core Log'!$B$6:$B$35,0)),"")) -> 1 | H14: =IF($A14="","",IFERROR(INDEX('2. Plot & Core Log'!$S$6:$S$35,MATCH($A14,'2. Plot & Core Log'!$B$6:$B$35,0)),"")) -> 7.6 | I14: =IF(OR($C14="",$G14=""),"",$C14*$G14) -> 8 | J14: =IF(OR($D14="",$G14=""),"",$D14*$G14) -> 9 | K14: =IF(OR($F14="",$H14=""),"",PI()*(($H14/2)^2)*$F14) -> 45.364598 | M14: 84.38 | N14: 2.8 | O14: LOI | P14: =IF(OR($L14="",$M14="",$L14=0),"",(($L14-$M14)/$L14)*100) | Q14: =IF(OR($M14="",$K14="",$K14=0),"",$M14/$K14) -> 1.8600407 | R14: =IF(OR($N14="",$O14=""),"",IF(UPPER($O14)="OC",$N14,IF(UPPER($O14)="LOI",IF(OR(LOI_INTERCEPT="",LOI_SLOPE=""),"",IF(LOI_INTERCEPT+LOI_SLOPE*$N14<0,"",LOI_INTERCEPT+LOI_SLOPE*$N14)),""))) -> 0.699 | S14: =IF($R14="","",$R14*10) -> 6.99 | T14: =IF(OR($Q14="",$R14=""),"",$Q14*$R14/100) -> 0.013001685 | U14: =IF(OR($T14="",$F14=""),"",$T14*$F14) -> 0.013001685 | V14: =IF($U14="","",$U14*10) -> 0.13001685 | W14: =IF(OR($V14="",$I14="",$J14="",$J14<=$I14),"",$V14*MAX(0,MIN($J14,15)-MAX($I14,0))/($J14-$I14)) -> 0.13001685 | X14: =IF(OR($V14="",$I14="",$J14="",$J14<=$I14),"",$V14*MAX(0,MIN($J14,30)-MAX($I14,15))/($J14-$I14)) -> 0 | Y14: =IF(OR($V14="",$I14="",$J14="",$J14<=$I14),"",$V14*MAX(0,MIN($J14,50)-MAX($I14,30))/($J14-$I14)) -> 0 | Z14: =IF(OR($V14="",$I14="",$J14="",$J14<=$I14),"",$V14*MAX(0,MIN($J14,100)-MAX($I14,50))/($J14-$I14)) -> 0 | AA14: =IF($A14="","",IF(OR($C14="",$D14="",$D14<=$C14),"CHECK: depths missing, or bottom not below top",IF(COUNTIFS($A$6:$A$205,$A14,$C$6:$C$205,$C14)>1,"DUPLICATE slice",IF(COUNTIFS($A$6:$A$205,$A14,$C$6:$C$205,"<"&$D14,$D$6:$D$205,">"&$C14)>1,"OVERLAP with another slice",IF(AND($C14>0,COUNTIFS($A$6:$A$205,$A14,$D$6:$D$205,$C14)=0),"GAP above this slice",IF(OR($G14="",$H14=""),"CHECK: Core ID not in Core Log, or its compaction / diameter missing",IF(AND(IF(COUNTIFS('2. Plot & Core Log'!$B$6:$B$35,$A14,'2. Plot & Core Log'!$L$6:$L$35,">0")=0,"",SUMIFS('2. Plot & Core Log'!$L$6:$L$35,'2. Plot & Core Log'!$B$6:$B$35,$A14))<>"",$D14>IF(COUNTIFS('2. Plot & Core Log'!$B$6:$B$35,$A14,'2. Plot & Core Log'!$L$6:$L$35,">0")=0,"",SUMIFS('2. Plot & Core Log'!$L$6:$L$35,'2. Plot & Core Log'!$B$6:$B$35,$A14))),"CHECK: slice deeper than the core length on Sheet 2",IF(OR($M14="",$N14="",$O14=""),"AWAITING LAB (dry weight, carbon value or type)",IF(AND(UPPER($O14)<>"OC",UPPER($O14)<>"LOI"),IF(UPPER($O14)="TC","TC is not organic carbon — ask the lab for OC or IC","CHECK: type must be OC, TC or LOI"),IF($R14="",IF(AND(LOI_INTERCEPT<>"",LOI_SLOPE<>""),"CHECK: LOI below the range of the conversion equation (OC would be < 0)","CHECK: LOI conversion not set (Instructions tab)"),IF(OR($Q14<=0,$Q14>2.65,$R14>50),"CHECK: bulk density outside 0–2.65 g/cm3 or OC > 50%","OK"))))))))))) -> OK
A15: COW-S5 | B15: 10 | C15: 9 | D15: 10 | E15: LOI 550 °C, 5 h (no elemental C for this slice). Dry weight back-calculated from published bulk density. | F15: =IF(OR($C15="",$D15=""),"",$D15-$C15) -> 1 | G15: =IF($A15="","",IFERROR(INDEX('2. Plot & Core Log'!$M$6:$M$35,MATCH($A15,'2. Plot & Core Log'!$B$6:$B$35,0)),"")) -> 1 | H15: =IF($A15="","",IFERROR(INDEX('2. Plot & Core Log'!$S$6:$S$35,MATCH($A15,'2. Plot & Core Log'!$B$6:$B$35,0)),"")) -> 7.6 | I15: =IF(OR($C15="",$G15=""),"",$C15*$G15) -> 9 | J15: =IF(OR($D15="",$G15=""),"",$D15*$G15) -> 10 | K15: =IF(OR($F15="",$H15=""),"",PI()*(($H15/2)^2)*$F15) -> 45.364598 | M15: 75.76 | N15: 2.5 | O15: LOI | P15: =IF(OR($L15="",$M15="",$L15=0),"",(($L15-$M15)/$L15)*100) | Q15: =IF(OR($M15="",$K15="",$K15=0),"",$M15/$K15) -> 1.6700247 | R15: =IF(OR($N15="",$O15=""),"",IF(UPPER($O15)="OC",$N15,IF(UPPER($O15)="LOI",IF(OR(LOI_INTERCEPT="",LOI_SLOPE=""),"",IF(LOI_INTERCEPT+LOI_SLOPE*$N15<0,"",LOI_INTERCEPT+LOI_SLOPE*$N15)),""))) -> 0.603 | S15: =IF($R15="","",$R15*10) -> 6.03 | T15: =IF(OR($Q15="",$R15=""),"",$Q15*$R15/100) -> 0.010070249 | U15: =IF(OR($T15="",$F15=""),"",$T15*$F15) -> 0.010070249 | V15: =IF($U15="","",$U15*10) -> 0.10070249 | W15: =IF(OR($V15="",$I15="",$J15="",$J15<=$I15),"",$V15*MAX(0,MIN($J15,15)-MAX($I15,0))/($J15-$I15)) -> 0.10070249 | X15: =IF(OR($V15="",$I15="",$J15="",$J15<=$I15),"",$V15*MAX(0,MIN($J15,30)-MAX($I15,15))/($J15-$I15)) -> 0 | Y15: =IF(OR($V15="",$I15="",$J15="",$J15<=$I15),"",$V15*MAX(0,MIN($J15,50)-MAX($I15,30))/($J15-$I15)) -> 0 | Z15: =IF(OR($V15="",$I15="",$J15="",$J15<=$I15),"",$V15*MAX(0,MIN($J15,100)-MAX($I15,50))/($J15-$I15)) -> 0 | AA15: =IF($A15="","",IF(OR($C15="",$D15="",$D15<=$C15),"CHECK: depths missing, or bottom not below top",IF(COUNTIFS($A$6:$A$205,$A15,$C$6:$C$205,$C15)>1,"DUPLICATE slice",IF(COUNTIFS($A$6:$A$205,$A15,$C$6:$C$205,"<"&$D15,$D$6:$D$205,">"&$C15)>1,"OVERLAP with another slice",IF(AND($C15>0,COUNTIFS($A$6:$A$205,$A15,$D$6:$D$205,$C15)=0),"GAP above this slice",IF(OR($G15="",$H15=""),"CHECK: Core ID not in Core Log, or its compaction / diameter missing",IF(AND(IF(COUNTIFS('2. Plot & Core Log'!$B$6:$B$35,$A15,'2. Plot & Core Log'!$L$6:$L$35,">0")=0,"",SUMIFS('2. Plot & Core Log'!$L$6:$L$35,'2. Plot & Core Log'!$B$6:$B$35,$A15))<>"",$D15>IF(COUNTIFS('2. Plot & Core Log'!$B$6:$B$35,$A15,'2. Plot & Core Log'!$L$6:$L$35,">0")=0,"",SUMIFS('2. Plot & Core Log'!$L$6:$L$35,'2. Plot & Core Log'!$B$6:$B$35,$A15))),"CHECK: slice deeper than the core length on Sheet 2",IF(OR($M15="",$N15="",$O15=""),"AWAITING LAB (dry weight, carbon value or type)",IF(AND(UPPER($O15)<>"OC",UPPER($O15)<>"LOI"),IF(UPPER($O15)="TC","TC is not organic carbon — ask the lab for OC or IC","CHECK: type must be OC, TC or LOI"),IF($R15="",IF(AND(LOI_INTERCEPT<>"",LOI_SLOPE<>""),"CHECK: LOI below the range of the conversion equation (OC would be < 0)","CHECK: LOI conversion not set (Instructions tab)"),IF(OR($Q15<=0,$Q15>2.65,$R15>50),"CHECK: bulk density outside 0–2.65 g/cm3 or OC > 50%","OK"))))))))))) -> OK
A16: COW-S5 | B16: 11 | C16: 10 | D16: 12 | E16: LOI 550 °C, 5 h (no elemental C for this slice). Dry weight back-calculated from published bulk density. | F16: =IF(OR($C16="",$D16=""),"",$D16-$C16) -> 2 | G16: =IF($A16="","",IFERROR(INDEX('2. Plot & Core Log'!$M$6:$M$35,MATCH($A16,'2. Plot & Core Log'!$B$6:$B$35,0)),"")) -> 1 | H16: =IF($A16="","",IFERROR(INDEX('2. Plot & Core Log'!$S$6:$S$35,MATCH($A16,'2. Plot & Core Log'!$B$6:$B$35,0)),"")) -> 7.6 | I16: =IF(OR($C16="",$G16=""),"",$C16*$G16) -> 10 | J16: =IF(OR($D16="",$G16=""),"",$D16*$G16) -> 12 | K16: =IF(OR($F16="",$H16=""),"",PI()*(($H16/2)^2)*$F16) -> 90.729196 | M16: 158.78 | N16: 2.6 | O16: LOI | P16: =IF(OR($L16="",$M16="",$L16=0),"",(($L16-$M16)/$L16)*100) | Q16: =IF(OR($M16="",$K16="",$K16=0),"",$M16/$K16) -> 1.7500431 | R16: =IF(OR($N16="",$O16=""),"",IF(UPPER($O16)="OC",$N16,IF(UPPER($O16)="LOI",IF(OR(LOI_INTERCEPT="",LOI_SLOPE=""),"",IF(LOI_INTERCEPT+LOI_SLOPE*$N16<0,"",LOI_INTERCEPT+LOI_SLOPE*$N16)),""))) -> 0.635 | S16: =IF($R16="","",$R16*10) -> 6.35 | T16: =IF(OR($Q16="",$R16=""),"",$Q16*$R16/100) -> 0.011112773 | U16: =IF(OR($T16="",$F16=""),"",$T16*$F16) -> 0.022225547 | V16: =IF($U16="","",$U16*10) -> 0.22225547 | W16: =IF(OR($V16="",$I16="",$J16="",$J16<=$I16),"",$V16*MAX(0,MIN($J16,15)-MAX($I16,0))/($J16-$I16)) -> 0.22225547 | X16: =IF(OR($V16="",$I16="",$J16="",$J16<=$I16),"",$V16*MAX(0,MIN($J16,30)-MAX($I16,15))/($J16-$I16)) -> 0 | Y16: =IF(OR($V16="",$I16="",$J16="",$J16<=$I16),"",$V16*MAX(0,MIN($J16,50)-MAX($I16,30))/($J16-$I16)) -> 0 | Z16: =IF(OR($V16="",$I16="",$J16="",$J16<=$I16),"",$V16*MAX(0,MIN($J16,100)-MAX($I16,50))/($J16-$I16)) -> 0 | AA16: =IF($A16="","",IF(OR($C16="",$D16="",$D16<=$C16),"CHECK: depths missing, or bottom not below top",IF(COUNTIFS($A$6:$A$205,$A16,$C$6:$C$205,$C16)>1,"DUPLICATE slice",IF(COUNTIFS($A$6:$A$205,$A16,$C$6:$C$205,"<"&$D16,$D$6:$D$205,">"&$C16)>1,"OVERLAP with another slice",IF(AND($C16>0,COUNTIFS($A$6:$A$205,$A16,$D$6:$D$205,$C16)=0),"GAP above this slice",IF(OR($G16="",$H16=""),"CHECK: Core ID not in Core Log, or its compaction / diameter missing",IF(AND(IF(COUNTIFS('2. Plot & Core Log'!$B$6:$B$35,$A16,'2. Plot & Core Log'!$L$6:$L$35,">0")=0,"",SUMIFS('2. Plot & Core Log'!$L$6:$L$35,'2. Plot & Core Log'!$B$6:$B$35,$A16))<>"",$D16>IF(COUNTIFS('2. Plot & Core Log'!$B$6:$B$35,$A16,'2. Plot & Core Log'!$L$6:$L$35,">0")=0,"",SUMIFS('2. Plot & Core Log'!$L$6:$L$35,'2. Plot & Core Log'!$B$6:$B$35,$A16))),"CHECK: slice deeper than the core length on Sheet 2",IF(OR($M16="",$N16="",$O16=""),"AWAITING LAB (dry weight, carbon value or type)",IF(AND(UPPER($O16)<>"OC",UPPER($O16)<>"LOI"),IF(UPPER($O16)="TC","TC is not organic carbon — ask the lab for OC or IC","CHECK: type must be OC, TC or LOI"),IF($R16="",IF(AND(LOI_INTERCEPT<>"",LOI_SLOPE<>""),"CHECK: LOI below the range of the conversion equation (OC would be < 0)","CHECK: LOI conversion not set (Instructions tab)"),IF(OR($Q16<=0,$Q16>2.65,$R16>50),"CHECK: bulk density outside 0–2.65 g/cm3 or OC > 50%","OK"))))))))))) -> OK
A17: COW-S5 | B17: 12 | C17: 12 | D17: 14 | E17: LOI 550 °C, 5 h (no elemental C for this slice). Dry weight back-calculated from published bulk density. | F17: =IF(OR($C17="",$D17=""),"",$D17-$C17) -> 2 | G17: =IF($A17="","",IFERROR(INDEX('2. Plot & Core Log'!$M$6:$M$35,MATCH($A17,'2. Plot & Core Log'!$B$6:$B$35,0)),"")) -> 1 | H17: =IF($A17="","",IFERROR(INDEX('2. Plot & Core Log'!$S$6:$S$35,MATCH($A17,'2. Plot & Core Log'!$B$6:$B$35,0)),"")) -> 7.6 | I17: =IF(OR($C17="",$G17=""),"",$C17*$G17) -> 12 | J17: =IF(OR($D17="",$G17=""),"",$D17*$G17) -> 14 | K17: =IF(OR($F17="",$H17=""),"",PI()*(($H17/2)^2)*$F17) -> 90.729196 | M17: 157.87 | N17: 2.5 | O17: LOI | P17: =IF(OR($L17="",$M17="",$L17=0),"",(($L17-$M17)/$L17)*100) | Q17: =IF(OR($M17="",$K17="",$K17=0),"",$M17/$K17) -> 1.7400132 | R17: =IF(OR($N17="",$O17=""),"",IF(UPPER($O17)="OC",$N17,IF(UPPER($O17)="LOI",IF(OR(LOI_INTERCEPT="",LOI_SLOPE=""),"",IF(LOI_INTERCEPT+LOI_SLOPE*$N17<0,"",LOI_INTERCEPT+LOI_SLOPE*$N17)),""))) -> 0.603 | S17: =IF($R17="","",$R17*10) -> 6.03 | T17: =IF(OR($Q17="",$R17=""),"",$Q17*$R17/100) -> 0.01049228 | U17: =IF(OR($T17="",$F17=""),"",$T17*$F17) -> 0.020984559 | V17: =IF($U17="","",$U17*10) -> 0.20984559 | W17: =IF(OR($V17="",$I17="",$J17="",$J17<=$I17),"",$V17*MAX(0,MIN($J17,15)-MAX($I17,0))/($J17-$I17)) -> 0.20984559 | X17: =IF(OR($V17="",$I17="",$J17="",$J17<=$I17),"",$V17*MAX(0,MIN($J17,30)-MAX($I17,15))/($J17-$I17)) -> 0 | Y17: =IF(OR($V17="",$I17="",$J17="",$J17<=$I17),"",$V17*MAX(0,MIN($J17,50)-MAX($I17,30))/($J17-$I17)) -> 0 | Z17: =IF(OR($V17="",$I17="",$J17="",$J17<=$I17),"",$V17*MAX(0,MIN($J17,100)-MAX($I17,50))/($J17-$I17)) -> 0 | AA17: =IF($A17="","",IF(OR($C17="",$D17="",$D17<=$C17),"CHECK: depths missing, or bottom not below top",IF(COUNTIFS($A$6:$A$205,$A17,$C$6:$C$205,$C17)>1,"DUPLICATE slice",IF(COUNTIFS($A$6:$A$205,$A17,$C$6:$C$205,"<"&$D17,$D$6:$D$205,">"&$C17)>1,"OVERLAP with another slice",IF(AND($C17>0,COUNTIFS($A$6:$A$205,$A17,$D$6:$D$205,$C17)=0),"GAP above this slice",IF(OR($G17="",$H17=""),"CHECK: Core ID not in Core Log, or its compaction / diameter missing",IF(AND(IF(COUNTIFS('2. Plot & Core Log'!$B$6:$B$35,$A17,'2. Plot & Core Log'!$L$6:$L$35,">0")=0,"",SUMIFS('2. Plot & Core Log'!$L$6:$L$35,'2. Plot & Core Log'!$B$6:$B$35,$A17))<>"",$D17>IF(COUNTIFS('2. Plot & Core Log'!$B$6:$B$35,$A17,'2. Plot & Core Log'!$L$6:$L$35,">0")=0,"",SUMIFS('2. Plot & Core Log'!$L$6:$L$35,'2. Plot & Core Log'!$B$6:$B$35,$A17))),"CHECK: slice deeper than the core length on Sheet 2",IF(OR($M17="",$N17="",$O17=""),"AWAITING LAB (dry weight, carbon value or type)",IF(AND(UPPER($O17)<>"OC",UPPER($O17)<>"LOI"),IF(UPPER($O17)="TC","TC is not organic carbon — ask the lab for OC or IC","CHECK: type must be OC, TC or LOI"),IF($R17="",IF(AND(LOI_INTERCEPT<>"",LOI_SLOPE<>""),"CHECK: LOI below the range of the conversion equation (OC would be < 0)","CHECK: LOI conversion not set (Instructions tab)"),IF(OR($Q17<=0,$Q17>2.65,$R17>50),"CHECK: bulk density outside 0–2.65 g/cm3 or OC > 50%","OK"))))))))))) -> OK
... A50: COW-S7 | B50: 15 | C50: 18 | D50: 20 | E50: LOI 550 °C, 5 h (no elemental C for this slice). Dry weight back-calculated from published bulk density. | F50: =IF(OR($C50="",$D50=""),"",$D50-$C50) -> 2 | G50: =IF($A50="","",IFERROR(INDEX('2. Plot & Core Log'!$M$6:$M$35,MATCH($A50,'2. Plot & Core Log'!$B$6:$B$35,0)),"")) -> 1 | H50: =IF($A50="","",IFERROR(INDEX('2. Plot & Core Log'!$S$6:$S$35,MATCH($A50,'2. Plot & Core Log'!$B$6:$B$35,0)),"")) -> 7.6 | I50: =IF(OR($C50="",$G50=""),"",$C50*$G50) -> 18 | J50: =IF(OR($D50="",$G50=""),"",$D50*$G50) -> 20 | K50: =IF(OR($F50="",$H50=""),"",PI()*(($H50/2)^2)*$F50) -> 90.729196 | M50: 168.76 | N50: 2 | O50: LOI | P50: =IF(OR($L50="",$M50="",$L50=0),"",(($L50-$M50)/$L50)*100) | Q50: =IF(OR($M50="",$K50="",$K50=0),"",$M50/$K50) -> 1.8600407 | R50: =IF(OR($N50="",$O50=""),"",IF(UPPER($O50)="OC",$N50,IF(UPPER($O50)="LOI",IF(OR(LOI_INTERCEPT="",LOI_SLOPE=""),"",IF(LOI_INTERCEPT+LOI_SLOPE*$N50<0,"",LOI_INTERCEPT+LOI_SLOPE*$N50)),""))) -> 0.443 | S50: =IF($R50="","",$R50*10) -> 4.43 | T50: =IF(OR($Q50="",$R50=""),"",$Q50*$R50/100) -> 0.0082399805 | U50: =IF(OR($T50="",$F50=""),"",$T50*$F50) -> 0.016479961 | V50: =IF($U50="","",$U50*10) -> 0.16479961 | W50: =IF(OR($V50="",$I50="",$J50="",$J50<=$I50),"",$V50*MAX(0,MIN($J50,15)-MAX($I50,0))/($J50-$I50)) -> 0 | X50: =IF(OR($V50="",$I50="",$J50="",$J50<=$I50),"",$V50*MAX(0,MIN($J50,30)-MAX($I50,15))/($J50-$I50)) -> 0.16479961 | Y50: =IF(OR($V50="",$I50="",$J50="",$J50<=$I50),"",$V50*MAX(0,MIN($J50,50)-MAX($I50,30))/($J50-$I50)) -> 0 | Z50: =IF(OR($V50="",$I50="",$J50="",$J50<=$I50),"",$V50*MAX(0,MIN($J50,100)-MAX($I50,50))/($J50-$I50)) -> 0 | AA50: =IF($A50="","",IF(OR($C50="",$D50="",$D50<=$C50),"CHECK: depths missing, or bottom not below top",IF(COUNTIFS($A$6:$A$205,$A50,$C$6:$C$205,$C50)>1,"DUPLICATE slice",IF(COUNTIFS($A$6:$A$205,$A50,$C$6:$C$205,"<"&$D50,$D$6:$D$205,">"&$C50)>1,"OVERLAP with another slice",IF(AND($C50>0,COUNTIFS($A$6:$A$205,$A50,$D$6:$D$205,$C50)=0),"GAP above this slice",IF(OR($G50="",$H50=""),"CHECK: Core ID not in Core Log, or its compaction / diameter missing",IF(AND(IF(COUNTIFS('2. Plot & Core Log'!$B$6:$B$35,$A50,'2. Plot & Core Log'!$L$6:$L$35,">0")=0,"",SUMIFS('2. Plot & Core Log'!$L$6:$L$35,'2. Plot & Core Log'!$B$6:$B$35,$A50))<>"",$D50>IF(COUNTIFS('2. Plot & Core Log'!$B$6:$B$35,$A50,'2. Plot & Core Log'!$L$6:$L$35,">0")=0,"",SUMIFS('2. Plot & Core Log'!$L$6:$L$35,'2. Plot & Core Log'!$B$6:$B$35,$A50))),"CHECK: slice deeper than the core length on Sheet 2",IF(OR($M50="",$N50="",$O50=""),"AWAITING LAB (dry weight, carbon value or type)",IF(AND(UPPER($O50)<>"OC",UPPER($O50)<>"LOI"),IF(UPPER($O50)="TC","TC is not organic carbon — ask the lab for OC or IC","CHECK: type must be OC, TC or LOI"),IF($R50="",IF(AND(LOI_INTERCEPT<>"",LOI_SLOPE<>""),"CHECK: LOI below the range of the conversion equation (OC would be < 0)","CHECK: LOI conversion not set (Instructions tab)"),IF(OR($Q50<=0,$Q50>2.65,$R50>50),"CHECK: bulk density outside 0–2.65 g/cm3 or OC > 50%","OK"))))))))))) -> OK
F51: =IF(OR($C51="",$D51=""),"",$D51-$C51) | G51: =IF($A51="","",IFERROR(INDEX('2. Plot & Core Log'!$M$6:$M$35,MATCH($A51,'2. Plot & Core Log'!$B$6:$B$35,0)),"")) | H51: =IF($A51="","",IFERROR(INDEX('2. Plot & Core Log'!$S$6:$S$35,MATCH($A51,'2. Plot & Core Log'!$B$6:$B$35,0)),"")) | I51: =IF(OR($C51="",$G51=""),"",$C51*$G51) | J51: =IF(OR($D51="",$G51=""),"",$D51*$G51) | K51: =IF(OR($F51="",$H51=""),"",PI()*(($H51/2)^2)*$F51) | P51: =IF(OR($L51="",$M51="",$L51=0),"",(($L51-$M51)/$L51)*100) | Q51: =IF(OR($M51="",$K51="",$K51=0),"",$M51/$K51) | R51: =IF(OR($N51="",$O51=""),"",IF(UPPER($O51)="OC",$N51,IF(UPPER($O51)="LOI",IF(OR(LOI_INTERCEPT="",LOI_SLOPE=""),"",IF(LOI_INTERCEPT+LOI_SLOPE*$N51<0,"",LOI_INTERCEPT+LOI_SLOPE*$N51)),""))) | S51: =IF($R51="","",$R51*10) | T51: =IF(OR($Q51="",$R51=""),"",$Q51*$R51/100) | U51: =IF(OR($T51="",$F51=""),"",$T51*$F51) | V51: =IF($U51="","",$U51*10) | W51: =IF(OR($V51="",$I51="",$J51="",$J51<=$I51),"",$V51*MAX(0,MIN($J51,15)-MAX($I51,0))/($J51-$I51)) | X51: =IF(OR($V51="",$I51="",$J51="",$J51<=$I51),"",$V51*MAX(0,MIN($J51,30)-MAX($I51,15))/($J51-$I51)) | Y51: =IF(OR($V51="",$I51="",$J51="",$J51<=$I51),"",$V51*MAX(0,MIN($J51,50)-MAX($I51,30))/($J51-$I51)) | Z51: =IF(OR($V51="",$I51="",$J51="",$J51<=$I51),"",$V51*MAX(0,MIN($J51,100)-MAX($I51,50))/($J51-$I51)) | AA51: =IF($A51="","",IF(OR($C51="",$D51="",$D51<=$C51),"CHECK: depths missing, or bottom not below top",IF(COUNTIFS($A$6:$A$205,$A51,$C$6:$C$205,$C51)>1,"DUPLICATE slice",IF(COUNTIFS($A$6:$A$205,$A51,$C$6:$C$205,"<"&$D51,$D$6:$D$205,">"&$C51)>1,"OVERLAP with another slice",IF(AND($C51>0,COUNTIFS($A$6:$A$205,$A51,$D$6:$D$205,$C51)=0),"GAP above this slice",IF(OR($G51="",$H51=""),"CHECK: Core ID not in Core Log, or its compaction / diameter missing",IF(AND(IF(COUNTIFS('2. Plot & Core Log'!$B$6:$B$35,$A51,'2. Plot & Core Log'!$L$6:$L$35,">0")=0,"",SUMIFS('2. Plot & Core Log'!$L$6:$L$35,'2. Plot & Core Log'!$B$6:$B$35,$A51))<>"",$D51>IF(COUNTIFS('2. Plot & Core Log'!$B$6:$B$35,$A51,'2. Plot & Core Log'!$L$6:$L$35,">0")=0,"",SUMIFS('2. Plot & Core Log'!$L$6:$L$35,'2. Plot & Core Log'!$B$6:$B$35,$A51))),"CHECK: slice deeper than the core length on Sheet 2",IF(OR($M51="",$N51="",$O51=""),"AWAITING LAB (dry weight, carbon value or type)",IF(AND(UPPER($O51)<>"OC",UPPER($O51)<>"LOI"),IF(UPPER($O51)="TC","TC is not organic carbon — ask the lab for OC or IC","CHECK: type must be OC, TC or LOI"),IF($R51="",IF(AND(LOI_INTERCEPT<>"",LOI_SLOPE<>""),"CHECK: LOI below the range of the conversion equation (OC would be < 0)","CHECK: LOI conversion not set (Instructions tab)"),IF(OR($Q51<=0,$Q51>2.65,$R51>50),"CHECK: bulk density outside 0–2.65 g/cm3 or OC > 50%","OK")))))))))))
F52: =IF(OR($C52="",$D52=""),"",$D52-$C52) | G52: =IF($A52="","",IFERROR(INDEX('2. Plot & Core Log'!$M$6:$M$35,MATCH($A52,'2. Plot & Core Log'!$B$6:$B$35,0)),"")) | H52: =IF($A52="","",IFERROR(INDEX('2. Plot & Core Log'!$S$6:$S$35,MATCH($A52,'2. Plot & Core Log'!$B$6:$B$35,0)),"")) | I52: =IF(OR($C52="",$G52=""),"",$C52*$G52) | J52: =IF(OR($D52="",$G52=""),"",$D52*$G52) | K52: =IF(OR($F52="",$H52=""),"",PI()*(($H52/2)^2)*$F52) | P52: =IF(OR($L52="",$M52="",$L52=0),"",(($L52-$M52)/$L52)*100) | Q52: =IF(OR($M52="",$K52="",$K52=0),"",$M52/$K52) | R52: =IF(OR($N52="",$O52=""),"",IF(UPPER($O52)="OC",$N52,IF(UPPER($O52)="LOI",IF(OR(LOI_INTERCEPT="",LOI_SLOPE=""),"",IF(LOI_INTERCEPT+LOI_SLOPE*$N52<0,"",LOI_INTERCEPT+LOI_SLOPE*$N52)),""))) | S52: =IF($R52="","",$R52*10) | T52: =IF(OR($Q52="",$R52=""),"",$Q52*$R52/100) | U52: =IF(OR($T52="",$F52=""),"",$T52*$F52) | V52: =IF($U52="","",$U52*10) | W52: =IF(OR($V52="",$I52="",$J52="",$J52<=$I52),"",$V52*MAX(0,MIN($J52,15)-MAX($I52,0))/($J52-$I52)) | X52: =IF(OR($V52="",$I52="",$J52="",$J52<=$I52),"",$V52*MAX(0,MIN($J52,30)-MAX($I52,15))/($J52-$I52)) | Y52: =IF(OR($V52="",$I52="",$J52="",$J52<=$I52),"",$V52*MAX(0,MIN($J52,50)-MAX($I52,30))/($J52-$I52)) | Z52: =IF(OR($V52="",$I52="",$J52="",$J52<=$I52),"",$V52*MAX(0,MIN($J52,100)-MAX($I52,50))/($J52-$I52)) | AA52: =IF($A52="","",IF(OR($C52="",$D52="",$D52<=$C52),"CHECK: depths missing, or bottom not below top",IF(COUNTIFS($A$6:$A$205,$A52,$C$6:$C$205,$C52)>1,"DUPLICATE slice",IF(COUNTIFS($A$6:$A$205,$A52,$C$6:$C$205,"<"&$D52,$D$6:$D$205,">"&$C52)>1,"OVERLAP with another slice",IF(AND($C52>0,COUNTIFS($A$6:$A$205,$A52,$D$6:$D$205,$C52)=0),"GAP above this slice",IF(OR($G52="",$H52=""),"CHECK: Core ID not in Core Log, or its compaction / diameter missing",IF(AND(IF(COUNTIFS('2. Plot & Core Log'!$B$6:$B$35,$A52,'2. Plot & Core Log'!$L$6:$L$35,">0")=0,"",SUMIFS('2. Plot & Core Log'!$L$6:$L$35,'2. Plot & Core Log'!$B$6:$B$35,$A52))<>"",$D52>IF(COUNTIFS('2. Plot & Core Log'!$B$6:$B$35,$A52,'2. Plot & Core Log'!$L$6:$L$35,">0")=0,"",SUMIFS('2. Plot & Core Log'!$L$6:$L$35,'2. Plot & Core Log'!$B$6:$B$35,$A52))),"CHECK: slice deeper than the core length on Sheet 2",IF(OR($M52="",$N52="",$O52=""),"AWAITING LAB (dry weight, carbon value or type)",IF(AND(UPPER($O52)<>"OC",UPPER($O52)<>"LOI"),IF(UPPER($O52)="TC","TC is not organic carbon — ask the lab for OC or IC","CHECK: type must be OC, TC or LOI"),IF($R52="",IF(AND(LOI_INTERCEPT<>"",LOI_SLOPE<>""),"CHECK: LOI below the range of the conversion equation (OC would be < 0)","CHECK: LOI conversion not set (Instructions tab)"),IF(OR($Q52<=0,$Q52>2.65,$R52>50),"CHECK: bulk density outside 0–2.65 g/cm3 or OC > 50%","OK")))))))))))
F53: =IF(OR($C53="",$D53=""),"",$D53-$C53) | G53: =IF($A53="","",IFERROR(INDEX('2. Plot & Core Log'!$M$6:$M$35,MATCH($A53,'2. Plot & Core Log'!$B$6:$B$35,0)),"")) | H53: =IF($A53="","",IFERROR(INDEX('2. Plot & Core Log'!$S$6:$S$35,MATCH($A53,'2. Plot & Core Log'!$B$6:$B$35,0)),"")) | I53: =IF(OR($C53="",$G53=""),"",$C53*$G53) | J53: =IF(OR($D53="",$G53=""),"",$D53*$G53) | K53: =IF(OR($F53="",$H53=""),"",PI()*(($H53/2)^2)*$F53) | P53: =IF(OR($L53="",$M53="",$L53=0),"",(($L53-$M53)/$L53)*100) | Q53: =IF(OR($M53="",$K53="",$K53=0),"",$M53/$K53) | R53: =IF(OR($N53="",$O53=""),"",IF(UPPER($O53)="OC",$N53,IF(UPPER($O53)="LOI",IF(OR(LOI_INTERCEPT="",LOI_SLOPE=""),"",IF(LOI_INTERCEPT+LOI_SLOPE*$N53<0,"",LOI_INTERCEPT+LOI_SLOPE*$N53)),""))) | S53: =IF($R53="","",$R53*10) | T53: =IF(OR($Q53="",$R53=""),"",$Q53*$R53/100) | U53: =IF(OR($T53="",$F53=""),"",$T53*$F53) | V53: =IF($U53="","",$U53*10) | W53: =IF(OR($V53="",$I53="",$J53="",$J53<=$I53),"",$V53*MAX(0,MIN($J53,15)-MAX($I53,0))/($J53-$I53)) | X53: =IF(OR($V53="",$I53="",$J53="",$J53<=$I53),"",$V53*MAX(0,MIN($J53,30)-MAX($I53,15))/($J53-$I53)) | Y53: =IF(OR($V53="",$I53="",$J53="",$J53<=$I53),"",$V53*MAX(0,MIN($J53,50)-MAX($I53,30))/($J53-$I53)) | Z53: =IF(OR($V53="",$I53="",$J53="",$J53<=$I53),"",$V53*MAX(0,MIN($J53,100)-MAX($I53,50))/($J53-$I53)) | AA53: =IF($A53="","",IF(OR($C53="",$D53="",$D53<=$C53),"CHECK: depths missing, or bottom not below top",IF(COUNTIFS($A$6:$A$205,$A53,$C$6:$C$205,$C53)>1,"DUPLICATE slice",IF(COUNTIFS($A$6:$A$205,$A53,$C$6:$C$205,"<"&$D53,$D$6:$D$205,">"&$C53)>1,"OVERLAP with another slice",IF(AND($C53>0,COUNTIFS($A$6:$A$205,$A53,$D$6:$D$205,$C53)=0),"GAP above this slice",IF(OR($G53="",$H53=""),"CHECK: Core ID not in Core Log, or its compaction / diameter missing",IF(AND(IF(COUNTIFS('2. Plot & Core Log'!$B$6:$B$35,$A53,'2. Plot & Core Log'!$L$6:$L$35,">0")=0,"",SUMIFS('2. Plot & Core Log'!$L$6:$L$35,'2. Plot & Core Log'!$B$6:$B$35,$A53))<>"",$D53>IF(COUNTIFS('2. Plot & Core Log'!$B$6:$B$35,$A53,'2. Plot & Core Log'!$L$6:$L$35,">0")=0,"",SUMIFS('2. Plot & Core Log'!$L$6:$L$35,'2. Plot & Core Log'!$B$6:$B$35,$A53))),"CHECK: slice deeper than the core length on Sheet 2",IF(OR($M53="",$N53="",$O53=""),"AWAITING LAB (dry weight, carbon value or type)",IF(AND(UPPER($O53)<>"OC",UPPER($O53)<>"LOI"),IF(UPPER($O53)="TC","TC is not organic carbon — ask the lab for OC or IC","CHECK: type must be OC, TC or LOI"),IF($R53="",IF(AND(LOI_INTERCEPT<>"",LOI_SLOPE<>""),"CHECK: LOI below the range of the conversion equation (OC would be < 0)","CHECK: LOI conversion not set (Instructions tab)"),IF(OR($Q53<=0,$Q53>2.65,$R53>50),"CHECK: bulk density outside 0–2.65 g/cm3 or OC > 50%","OK")))))))))))
F54: =IF(OR($C54="",$D54=""),"",$D54-$C54) | G54: =IF($A54="","",IFERROR(INDEX('2. Plot & Core Log'!$M$6:$M$35,MATCH($A54,'2. Plot & Core Log'!$B$6:$B$35,0)),"")) | H54: =IF($A54="","",IFERROR(INDEX('2. Plot & Core Log'!$S$6:$S$35,MATCH($A54,'2. Plot & Core Log'!$B$6:$B$35,0)),"")) | I54: =IF(OR($C54="",$G54=""),"",$C54*$G54) | J54: =IF(OR($D54="",$G54=""),"",$D54*$G54) | K54: =IF(OR($F54="",$H54=""),"",PI()*(($H54/2)^2)*$F54) | P54: =IF(OR($L54="",$M54="",$L54=0),"",(($L54-$M54)/$L54)*100) | Q54: =IF(OR($M54="",$K54="",$K54=0),"",$M54/$K54) | R54: =IF(OR($N54="",$O54=""),"",IF(UPPER($O54)="OC",$N54,IF(UPPER($O54)="LOI",IF(OR(LOI_INTERCEPT="",LOI_SLOPE=""),"",IF(LOI_INTERCEPT+LOI_SLOPE*$N54<0,"",LOI_INTERCEPT+LOI_SLOPE*$N54)),""))) | S54: =IF($R54="","",$R54*10) | T54: =IF(OR($Q54="",$R54=""),"",$Q54*$R54/100) | U54: =IF(OR($T54="",$F54=""),"",$T54*$F54) | V54: =IF($U54="","",$U54*10) | W54: =IF(OR($V54="",$I54="",$J54="",$J54<=$I54),"",$V54*MAX(0,MIN($J54,15)-MAX($I54,0))/($J54-$I54)) | X54: =IF(OR($V54="",$I54="",$J54="",$J54<=$I54),"",$V54*MAX(0,MIN($J54,30)-MAX($I54,15))/($J54-$I54)) | Y54: =IF(OR($V54="",$I54="",$J54="",$J54<=$I54),"",$V54*MAX(0,MIN($J54,50)-MAX($I54,30))/($J54-$I54)) | Z54: =IF(OR($V54="",$I54="",$J54="",$J54<=$I54),"",$V54*MAX(0,MIN($J54,100)-MAX($I54,50))/($J54-$I54)) | AA54: =IF($A54="","",IF(OR($C54="",$D54="",$D54<=$C54),"CHECK: depths missing, or bottom not below top",IF(COUNTIFS($A$6:$A$205,$A54,$C$6:$C$205,$C54)>1,"DUPLICATE slice",IF(COUNTIFS($A$6:$A$205,$A54,$C$6:$C$205,"<"&$D54,$D$6:$D$205,">"&$C54)>1,"OVERLAP with another slice",IF(AND($C54>0,COUNTIFS($A$6:$A$205,$A54,$D$6:$D$205,$C54)=0),"GAP above this slice",IF(OR($G54="",$H54=""),"CHECK: Core ID not in Core Log, or its compaction / diameter missing",IF(AND(IF(COUNTIFS('2. Plot & Core Log'!$B$6:$B$35,$A54,'2. Plot & Core Log'!$L$6:$L$35,">0")=0,"",SUMIFS('2. Plot & Core Log'!$L$6:$L$35,'2. Plot & Core Log'!$B$6:$B$35,$A54))<>"",$D54>IF(COUNTIFS('2. Plot & Core Log'!$B$6:$B$35,$A54,'2. Plot & Core Log'!$L$6:$L$35,">0")=0,"",SUMIFS('2. Plot & Core Log'!$L$6:$L$35,'2. Plot & Core Log'!$B$6:$B$35,$A54))),"CHECK: slice deeper than the core length on Sheet 2",IF(OR($M54="",$N54="",$O54=""),"AWAITING LAB (dry weight, carbon value or type)",IF(AND(UPPER($O54)<>"OC",UPPER($O54)<>"LOI"),IF(UPPER($O54)="TC","TC is not organic carbon — ask the lab for OC or IC","CHECK: type must be OC, TC or LOI"),IF($R54="",IF(AND(LOI_INTERCEPT<>"",LOI_SLOPE<>""),"CHECK: LOI below the range of the conversion equation (OC would be < 0)","CHECK: LOI conversion not set (Instructions tab)"),IF(OR($Q54<=0,$Q54>2.65,$R54>50),"CHECK: bulk density outside 0–2.65 g/cm3 or OC > 50%","OK")))))))))))
F55: =IF(OR($C55="",$D55=""),"",$D55-$C55) | G55: =IF($A55="","",IFERROR(INDEX('2. Plot & Core Log'!$M$6:$M$35,MATCH($A55,'2. Plot & Core Log'!$B$6:$B$35,0)),"")) | H55: =IF($A55="","",IFERROR(INDEX('2. Plot & Core Log'!$S$6:$S$35,MATCH($A55,'2. Plot & Core Log'!$B$6:$B$35,0)),"")) | I55: =IF(OR($C55="",$G55=""),"",$C55*$G55) | J55: =IF(OR($D55="",$G55=""),"",$D55*$G55) | K55: =IF(OR($F55="",$H55=""),"",PI()*(($H55/2)^2)*$F55) | P55: =IF(OR($L55="",$M55="",$L55=0),"",(($L55-$M55)/$L55)*100) | Q55: =IF(OR($M55="",$K55="",$K55=0),"",$M55/$K55) | R55: =IF(OR($N55="",$O55=""),"",IF(UPPER($O55)="OC",$N55,IF(UPPER($O55)="LOI",IF(OR(LOI_INTERCEPT="",LOI_SLOPE=""),"",IF(LOI_INTERCEPT+LOI_SLOPE*$N55<0,"",LOI_INTERCEPT+LOI_SLOPE*$N55)),""))) | S55: =IF($R55="","",$R55*10) | T55: =IF(OR($Q55="",$R55=""),"",$Q55*$R55/100) | U55: =IF(OR($T55="",$F55=""),"",$T55*$F55) | V55: =IF($U55="","",$U55*10) | W55: =IF(OR($V55="",$I55="",$J55="",$J55<=$I55),"",$V55*MAX(0,MIN($J55,15)-MAX($I55,0))/($J55-$I55)) | X55: =IF(OR($V55="",$I55="",$J55="",$J55<=$I55),"",$V55*MAX(0,MIN($J55,30)-MAX($I55,15))/($J55-$I55)) | Y55: =IF(OR($V55="",$I55="",$J55="",$J55<=$I55),"",$V55*MAX(0,MIN($J55,50)-MAX($I55,30))/($J55-$I55)) | Z55: =IF(OR($V55="",$I55="",$J55="",$J55<=$I55),"",$V55*MAX(0,MIN($J55,100)-MAX($I55,50))/($J55-$I55)) | AA55: =IF($A55="","",IF(OR($C55="",$D55="",$D55<=$C55),"CHECK: depths missing, or bottom not below top",IF(COUNTIFS($A$6:$A$205,$A55,$C$6:$C$205,$C55)>1,"DUPLICATE slice",IF(COUNTIFS($A$6:$A$205,$A55,$C$6:$C$205,"<"&$D55,$D$6:$D$205,">"&$C55)>1,"OVERLAP with another slice",IF(AND($C55>0,COUNTIFS($A$6:$A$205,$A55,$D$6:$D$205,$C55)=0),"GAP above this slice",IF(OR($G55="",$H55=""),"CHECK: Core ID not in Core Log, or its compaction / diameter missing",IF(AND(IF(COUNTIFS('2. Plot & Core Log'!$B$6:$B$35,$A55,'2. Plot & Core Log'!$L$6:$L$35,">0")=0,"",SUMIFS('2. Plot & Core Log'!$L$6:$L$35,'2. Plot & Core Log'!$B$6:$B$35,$A55))<>"",$D55>IF(COUNTIFS('2. Plot & Core Log'!$B$6:$B$35,$A55,'2. Plot & Core Log'!$L$6:$L$35,">0")=0,"",SUMIFS('2. Plot & Core Log'!$L$6:$L$35,'2. Plot & Core Log'!$B$6:$B$35,$A55))),"CHECK: slice deeper than the core length on Sheet 2",IF(OR($M55="",$N55="",$O55=""),"AWAITING LAB (dry weight, carbon value or type)",IF(AND(UPPER($O55)<>"OC",UPPER($O55)<>"LOI"),IF(UPPER($O55)="TC","TC is not organic carbon — ask the lab for OC or IC","CHECK: type must be OC, TC or LOI"),IF($R55="",IF(AND(LOI_INTERCEPT<>"",LOI_SLOPE<>""),"CHECK: LOI below the range of the conversion equation (OC would be < 0)","CHECK: LOI conversion not set (Instructions tab)"),IF(OR($Q55<=0,$Q55>2.65,$R55>50),"CHECK: bulk density outside 0–2.65 g/cm3 or OC > 50%","OK")))))))))))
F56: =IF(OR($C56="",$D56=""),"",$D56-$C56) | G56: =IF($A56="","",IFERROR(INDEX('2. Plot & Core Log'!$M$6:$M$35,MATCH($A56,'2. Plot & Core Log'!$B$6:$B$35,0)),"")) | H56: =IF($A56="","",IFERROR(INDEX('2. Plot & Core Log'!$S$6:$S$35,MATCH($A56,'2. Plot & Core Log'!$B$6:$B$35,0)),"")) | I56: =IF(OR($C56="",$G56=""),"",$C56*$G56) | J56: =IF(OR($D56="",$G56=""),"",$D56*$G56) | K56: =IF(OR($F56="",$H56=""),"",PI()*(($H56/2)^2)*$F56) | P56: =IF(OR($L56="",$M56="",$L56=0),"",(($L56-$M56)/$L56)*100) | Q56: =IF(OR($M56="",$K56="",$K56=0),"",$M56/$K56) | R56: =IF(OR($N56="",$O56=""),"",IF(UPPER($O56)="OC",$N56,IF(UPPER($O56)="LOI",IF(OR(LOI_INTERCEPT="",LOI_SLOPE=""),"",IF(LOI_INTERCEPT+LOI_SLOPE*$N56<0,"",LOI_INTERCEPT+LOI_SLOPE*$N56)),""))) | S56: =IF($R56="","",$R56*10) | T56: =IF(OR($Q56="",$R56=""),"",$Q56*$R56/100) | U56: =IF(OR($T56="",$F56=""),"",$T56*$F56) | V56: =IF($U56="","",$U56*10) | W56: =IF(OR($V56="",$I56="",$J56="",$J56<=$I56),"",$V56*MAX(0,MIN($J56,15)-MAX($I56,0))/($J56-$I56)) | X56: =IF(OR($V56="",$I56="",$J56="",$J56<=$I56),"",$V56*MAX(0,MIN($J56,30)-MAX($I56,15))/($J56-$I56)) | Y56: =IF(OR($V56="",$I56="",$J56="",$J56<=$I56),"",$V56*MAX(0,MIN($J56,50)-MAX($I56,30))/($J56-$I56)) | Z56: =IF(OR($V56="",$I56="",$J56="",$J56<=$I56),"",$V56*MAX(0,MIN($J56,100)-MAX($I56,50))/($J56-$I56)) | AA56: =IF($A56="","",IF(OR($C56="",$D56="",$D56<=$C56),"CHECK: depths missing, or bottom not below top",IF(COUNTIFS($A$6:$A$205,$A56,$C$6:$C$205,$C56)>1,"DUPLICATE slice",IF(COUNTIFS($A$6:$A$205,$A56,$C$6:$C$205,"<"&$D56,$D$6:$D$205,">"&$C56)>1,"OVERLAP with another slice",IF(AND($C56>0,COUNTIFS($A$6:$A$205,$A56,$D$6:$D$205,$C56)=0),"GAP above this slice",IF(OR($G56="",$H56=""),"CHECK: Core ID not in Core Log, or its compaction / diameter missing",IF(AND(IF(COUNTIFS('2. Plot & Core Log'!$B$6:$B$35,$A56,'2. Plot & Core Log'!$L$6:$L$35,">0")=0,"",SUMIFS('2. Plot & Core Log'!$L$6:$L$35,'2. Plot & Core Log'!$B$6:$B$35,$A56))<>"",$D56>IF(COUNTIFS('2. Plot & Core Log'!$B$6:$B$35,$A56,'2. Plot & Core Log'!$L$6:$L$35,">0")=0,"",SUMIFS('2. Plot & Core Log'!$L$6:$L$35,'2. Plot & Core Log'!$B$6:$B$35,$A56))),"CHECK: slice deeper than the core length on Sheet 2",IF(OR($M56="",$N56="",$O56=""),"AWAITING LAB (dry weight, carbon value or type)",IF(AND(UPPER($O56)<>"OC",UPPER($O56)<>"LOI"),IF(UPPER($O56)="TC","TC is not organic carbon — ask the lab for OC or IC","CHECK: type must be OC, TC or LOI"),IF($R56="",IF(AND(LOI_INTERCEPT<>"",LOI_SLOPE<>""),"CHECK: LOI below the range of the conversion equation (OC would be < 0)","CHECK: LOI conversion not set (Instructions tab)"),IF(OR($Q56<=0,$Q56>2.65,$R56>50),"CHECK: bulk density outside 0–2.65 g/cm3 or OC > 50%","OK")))))))))))
F57: =IF(OR($C57="",$D57=""),"",$D57-$C57) | G57: =IF($A57="","",IFERROR(INDEX('2. Plot & Core Log'!$M$6:$M$35,MATCH($A57,'2. Plot & Core Log'!$B$6:$B$35,0)),"")) | H57: =IF($A57="","",IFERROR(INDEX('2. Plot & Core Log'!$S$6:$S$35,MATCH($A57,'2. Plot & Core Log'!$B$6:$B$35,0)),"")) | I57: =IF(OR($C57="",$G57=""),"",$C57*$G57) | J57: =IF(OR($D57="",$G57=""),"",$D57*$G57) | K57: =IF(OR($F57="",$H57=""),"",PI()*(($H57/2)^2)*$F57) | P57: =IF(OR($L57="",$M57="",$L57=0),"",(($L57-$M57)/$L57)*100) | Q57: =IF(OR($M57="",$K57="",$K57=0),"",$M57/$K57) | R57: =IF(OR($N57="",$O57=""),"",IF(UPPER($O57)="OC",$N57,IF(UPPER($O57)="LOI",IF(OR(LOI_INTERCEPT="",LOI_SLOPE=""),"",IF(LOI_INTERCEPT+LOI_SLOPE*$N57<0,"",LOI_INTERCEPT+LOI_SLOPE*$N57)),""))) | S57: =IF($R57="","",$R57*10) | T57: =IF(OR($Q57="",$R57=""),"",$Q57*$R57/100) | U57: =IF(OR($T57="",$F57=""),"",$T57*$F57) | V57: =IF($U57="","",$U57*10) | W57: =IF(OR($V57="",$I57="",$J57="",$J57<=$I57),"",$V57*MAX(0,MIN($J57,15)-MAX($I57,0))/($J57-$I57)) | X57: =IF(OR($V57="",$I57="",$J57="",$J57<=$I57),"",$V57*MAX(0,MIN($J57,30)-MAX($I57,15))/($J57-$I57)) | Y57: =IF(OR($V57="",$I57="",$J57="",$J57<=$I57),"",$V57*MAX(0,MIN($J57,50)-MAX($I57,30))/($J57-$I57)) | Z57: =IF(OR($V57="",$I57="",$J57="",$J57<=$I57),"",$V57*MAX(0,MIN($J57,100)-MAX($I57,50))/($J57-$I57)) | AA57: =IF($A57="","",IF(OR($C57="",$D57="",$D57<=$C57),"CHECK: depths missing, or bottom not below top",IF(COUNTIFS($A$6:$A$205,$A57,$C$6:$C$205,$C57)>1,"DUPLICATE slice",IF(COUNTIFS($A$6:$A$205,$A57,$C$6:$C$205,"<"&$D57,$D$6:$D$205,">"&$C57)>1,"OVERLAP with another slice",IF(AND($C57>0,COUNTIFS($A$6:$A$205,$A57,$D$6:$D$205,$C57)=0),"GAP above this slice",IF(OR($G57="",$H57=""),"CHECK: Core ID not in Core Log, or its compaction / diameter missing",IF(AND(IF(COUNTIFS('2. Plot & Core Log'!$B$6:$B$35,$A57,'2. Plot & Core Log'!$L$6:$L$35,">0")=0,"",SUMIFS('2. Plot & Core Log'!$L$6:$L$35,'2. Plot & Core Log'!$B$6:$B$35,$A57))<>"",$D57>IF(COUNTIFS('2. Plot & Core Log'!$B$6:$B$35,$A57,'2. Plot & Core Log'!$L$6:$L$35,">0")=0,"",SUMIFS('2. Plot & Core Log'!$L$6:$L$35,'2. Plot & Core Log'!$B$6:$B$35,$A57))),"CHECK: slice deeper than the core length on Sheet 2",IF(OR($M57="",$N57="",$O57=""),"AWAITING LAB (dry weight, carbon value or type)",IF(AND(UPPER($O57)<>"OC",UPPER($O57)<>"LOI"),IF(UPPER($O57)="TC","TC is not organic carbon — ask the lab for OC or IC","CHECK: type must be OC, TC or LOI"),IF($R57="",IF(AND(LOI_INTERCEPT<>"",LOI_SLOPE<>""),"CHECK: LOI below the range of the conversion equation (OC would be < 0)","CHECK: LOI conversion not set (Instructions tab)"),IF(OR($Q57<=0,$Q57>2.65,$R57>50),"CHECK: bulk density outside 0–2.65 g/cm3 or OC > 50%","OK")))))))))))
F58: =IF(OR($C58="",$D58=""),"",$D58-$C58) | G58: =IF($A58="","",IFERROR(INDEX('2. Plot & Core Log'!$M$6:$M$35,MATCH($A58,'2. Plot & Core Log'!$B$6:$B$35,0)),"")) | H58: =IF($A58="","",IFERROR(INDEX('2. Plot & Core Log'!$S$6:$S$35,MATCH($A58,'2. Plot & Core Log'!$B$6:$B$35,0)),"")) | I58: =IF(OR($C58="",$G58=""),"",$C58*$G58) | J58: =IF(OR($D58="",$G58=""),"",$D58*$G58) | K58: =IF(OR($F58="",$H58=""),"",PI()*(($H58/2)^2)*$F58) | P58: =IF(OR($L58="",$M58="",$L58=0),"",(($L58-$M58)/$L58)*100) | Q58: =IF(OR($M58="",$K58="",$K58=0),"",$M58/$K58) | R58: =IF(OR($N58="",$O58=""),"",IF(UPPER($O58)="OC",$N58,IF(UPPER($O58)="LOI",IF(OR(LOI_INTERCEPT="",LOI_SLOPE=""),"",IF(LOI_INTERCEPT+LOI_SLOPE*$N58<0,"",LOI_INTERCEPT+LOI_SLOPE*$N58)),""))) | S58: =IF($R58="","",$R58*10) | T58: =IF(OR($Q58="",$R58=""),"",$Q58*$R58/100) | U58: =IF(OR($T58="",$F58=""),"",$T58*$F58) | V58: =IF($U58="","",$U58*10) | W58: =IF(OR($V58="",$I58="",$J58="",$J58<=$I58),"",$V58*MAX(0,MIN($J58,15)-MAX($I58,0))/($J58-$I58)) | X58: =IF(OR($V58="",$I58="",$J58="",$J58<=$I58),"",$V58*MAX(0,MIN($J58,30)-MAX($I58,15))/($J58-$I58)) | Y58: =IF(OR($V58="",$I58="",$J58="",$J58<=$I58),"",$V58*MAX(0,MIN($J58,50)-MAX($I58,30))/($J58-$I58)) | Z58: =IF(OR($V58="",$I58="",$J58="",$J58<=$I58),"",$V58*MAX(0,MIN($J58,100)-MAX($I58,50))/($J58-$I58)) | AA58: =IF($A58="","",IF(OR($C58="",$D58="",$D58<=$C58),"CHECK: depths missing, or bottom not below top",IF(COUNTIFS($A$6:$A$205,$A58,$C$6:$C$205,$C58)>1,"DUPLICATE slice",IF(COUNTIFS($A$6:$A$205,$A58,$C$6:$C$205,"<"&$D58,$D$6:$D$205,">"&$C58)>1,"OVERLAP with another slice",IF(AND($C58>0,COUNTIFS($A$6:$A$205,$A58,$D$6:$D$205,$C58)=0),"GAP above this slice",IF(OR($G58="",$H58=""),"CHECK: Core ID not in Core Log, or its compaction / diameter missing",IF(AND(IF(COUNTIFS('2. Plot & Core Log'!$B$6:$B$35,$A58,'2. Plot & Core Log'!$L$6:$L$35,">0")=0,"",SUMIFS('2. Plot & Core Log'!$L$6:$L$35,'2. Plot & Core Log'!$B$6:$B$35,$A58))<>"",$D58>IF(COUNTIFS('2. Plot & Core Log'!$B$6:$B$35,$A58,'2. Plot & Core Log'!$L$6:$L$35,">0")=0,"",SUMIFS('2. Plot & Core Log'!$L$6:$L$35,'2. Plot & Core Log'!$B$6:$B$35,$A58))),"CHECK: slice deeper than the core length on Sheet 2",IF(OR($M58="",$N58="",$O58=""),"AWAITING LAB (dry weight, carbon value or type)",IF(AND(UPPER($O58)<>"OC",UPPER($O58)<>"LOI"),IF(UPPER($O58)="TC","TC is not organic carbon — ask the lab for OC or IC","CHECK: type must be OC, TC or LOI"),IF($R58="",IF(AND(LOI_INTERCEPT<>"",LOI_SLOPE<>""),"CHECK: LOI below the range of the conversion equation (OC would be < 0)","CHECK: LOI conversion not set (Instructions tab)"),IF(OR($Q58<=0,$Q58>2.65,$R58>50),"CHECK: bulk density outside 0–2.65 g/cm3 or OC > 50%","OK")))))))))))
F59: =IF(OR($C59="",$D59=""),"",$D59-$C59) | G59: =IF($A59="","",IFERROR(INDEX('2. Plot & Core Log'!$M$6:$M$35,MATCH($A59,'2. Plot & Core Log'!$B$6:$B$35,0)),"")) | H59: =IF($A59="","",IFERROR(INDEX('2. Plot & Core Log'!$S$6:$S$35,MATCH($A59,'2. Plot & Core Log'!$B$6:$B$35,0)),"")) | I59: =IF(OR($C59="",$G59=""),"",$C59*$G59) | J59: =IF(OR($D59="",$G59=""),"",$D59*$G59) | K59: =IF(OR($F59="",$H59=""),"",PI()*(($H59/2)^2)*$F59) | P59: =IF(OR($L59="",$M59="",$L59=0),"",(($L59-$M59)/$L59)*100) | Q59: =IF(OR($M59="",$K59="",$K59=0),"",$M59/$K59) | R59: =IF(OR($N59="",$O59=""),"",IF(UPPER($O59)="OC",$N59,IF(UPPER($O59)="LOI",IF(OR(LOI_INTERCEPT="",LOI_SLOPE=""),"",IF(LOI_INTERCEPT+LOI_SLOPE*$N59<0,"",LOI_INTERCEPT+LOI_SLOPE*$N59)),""))) | S59: =IF($R59="","",$R59*10) | T59: =IF(OR($Q59="",$R59=""),"",$Q59*$R59/100) | U59: =IF(OR($T59="",$F59=""),"",$T59*$F59) | V59: =IF($U59="","",$U59*10) | W59: =IF(OR($V59="",$I59="",$J59="",$J59<=$I59),"",$V59*MAX(0,MIN($J59,15)-MAX($I59,0))/($J59-$I59)) | X59: =IF(OR($V59="",$I59="",$J59="",$J59<=$I59),"",$V59*MAX(0,MIN($J59,30)-MAX($I59,15))/($J59-$I59)) | Y59: =IF(OR($V59="",$I59="",$J59="",$J59<=$I59),"",$V59*MAX(0,MIN($J59,50)-MAX($I59,30))/($J59-$I59)) | Z59: =IF(OR($V59="",$I59="",$J59="",$J59<=$I59),"",$V59*MAX(0,MIN($J59,100)-MAX($I59,50))/($J59-$I59)) | AA59: =IF($A59="","",IF(OR($C59="",$D59="",$D59<=$C59),"CHECK: depths missing, or bottom not below top",IF(COUNTIFS($A$6:$A$205,$A59,$C$6:$C$205,$C59)>1,"DUPLICATE slice",IF(COUNTIFS($A$6:$A$205,$A59,$C$6:$C$205,"<"&$D59,$D$6:$D$205,">"&$C59)>1,"OVERLAP with another slice",IF(AND($C59>0,COUNTIFS($A$6:$A$205,$A59,$D$6:$D$205,$C59)=0),"GAP above this slice",IF(OR($G59="",$H59=""),"CHECK: Core ID not in Core Log, or its compaction / diameter missing",IF(AND(IF(COUNTIFS('2. Plot & Core Log'!$B$6:$B$35,$A59,'2. Plot & Core Log'!$L$6:$L$35,">0")=0,"",SUMIFS('2. Plot & Core Log'!$L$6:$L$35,'2. Plot & Core Log'!$B$6:$B$35,$A59))<>"",$D59>IF(COUNTIFS('2. Plot & Core Log'!$B$6:$B$35,$A59,'2. Plot & Core Log'!$L$6:$L$35,">0")=0,"",SUMIFS('2. Plot & Core Log'!$L$6:$L$35,'2. Plot & Core Log'!$B$6:$B$35,$A59))),"CHECK: slice deeper than the core length on Sheet 2",IF(OR($M59="",$N59="",$O59=""),"AWAITING LAB (dry weight, carbon value or type)",IF(AND(UPPER($O59)<>"OC",UPPER($O59)<>"LOI"),IF(UPPER($O59)="TC","TC is not organic carbon — ask the lab for OC or IC","CHECK: type must be OC, TC or LOI"),IF($R59="",IF(AND(LOI_INTERCEPT<>"",LOI_SLOPE<>""),"CHECK: LOI below the range of the conversion equation (OC would be < 0)","CHECK: LOI conversion not set (Instructions tab)"),IF(OR($Q59<=0,$Q59>2.65,$R59>50),"CHECK: bulk density outside 0–2.65 g/cm3 or OC > 50%","OK")))))))))))
F60: =IF(OR($C60="",$D60=""),"",$D60-$C60) | G60: =IF($A60="","",IFERROR(INDEX('2. Plot & Core Log'!$M$6:$M$35,MATCH($A60,'2. Plot & Core Log'!$B$6:$B$35,0)),"")) | H60: =IF($A60="","",IFERROR(INDEX('2. Plot & Core Log'!$S$6:$S$35,MATCH($A60,'2. Plot & Core Log'!$B$6:$B$35,0)),"")) | I60: =IF(OR($C60="",$G60=""),"",$C60*$G60) | J60: =IF(OR($D60="",$G60=""),"",$D60*$G60) | K60: =IF(OR($F60="",$H60=""),"",PI()*(($H60/2)^2)*$F60) | P60: =IF(OR($L60="",$M60="",$L60=0),"",(($L60-$M60)/$L60)*100) | Q60: =IF(OR($M60="",$K60="",$K60=0),"",$M60/$K60) | R60: =IF(OR($N60="",$O60=""),"",IF(UPPER($O60)="OC",$N60,IF(UPPER($O60)="LOI",IF(OR(LOI_INTERCEPT="",LOI_SLOPE=""),"",IF(LOI_INTERCEPT+LOI_SLOPE*$N60<0,"",LOI_INTERCEPT+LOI_SLOPE*$N60)),""))) | S60: =IF($R60="","",$R60*10) | T60: =IF(OR($Q60="",$R60=""),"",$Q60*$R60/100) | U60: =IF(OR($T60="",$F60=""),"",$T60*$F60) | V60: =IF($U60="","",$U60*10) | W60: =IF(OR($V60="",$I60="",$J60="",$J60<=$I60),"",$V60*MAX(0,MIN($J60,15)-MAX($I60,0))/($J60-$I60)) | X60: =IF(OR($V60="",$I60="",$J60="",$J60<=$I60),"",$V60*MAX(0,MIN($J60,30)-MAX($I60,15))/($J60-$I60)) | Y60: =IF(OR($V60="",$I60="",$J60="",$J60<=$I60),"",$V60*MAX(0,MIN($J60,50)-MAX($I60,30))/($J60-$I60)) | Z60: =IF(OR($V60="",$I60="",$J60="",$J60<=$I60),"",$V60*MAX(0,MIN($J60,100)-MAX($I60,50))/($J60-$I60)) | AA60: =IF($A60="","",IF(OR($C60="",$D60="",$D60<=$C60),"CHECK: depths missing, or bottom not below top",IF(COUNTIFS($A$6:$A$205,$A60,$C$6:$C$205,$C60)>1,"DUPLICATE slice",IF(COUNTIFS($A$6:$A$205,$A60,$C$6:$C$205,"<"&$D60,$D$6:$D$205,">"&$C60)>1,"OVERLAP with another slice",IF(AND($C60>0,COUNTIFS($A$6:$A$205,$A60,$D$6:$D$205,$C60)=0),"GAP above this slice",IF(OR($G60="",$H60=""),"CHECK: Core ID not in Core Log, or its compaction / diameter missing",IF(AND(IF(COUNTIFS('2. Plot & Core Log'!$B$6:$B$35,$A60,'2. Plot & Core Log'!$L$6:$L$35,">0")=0,"",SUMIFS('2. Plot & Core Log'!$L$6:$L$35,'2. Plot & Core Log'!$B$6:$B$35,$A60))<>"",$D60>IF(COUNTIFS('2. Plot & Core Log'!$B$6:$B$35,$A60,'2. Plot & Core Log'!$L$6:$L$35,">0")=0,"",SUMIFS('2. Plot & Core Log'!$L$6:$L$35,'2. Plot & Core Log'!$B$6:$B$35,$A60))),"CHECK: slice deeper than the core length on Sheet 2",IF(OR($M60="",$N60="",$O60=""),"AWAITING LAB (dry weight, carbon value or type)",IF(AND(UPPER($O60)<>"OC",UPPER($O60)<>"LOI"),IF(UPPER($O60)="TC","TC is not organic carbon — ask the lab for OC or IC","CHECK: type must be OC, TC or LOI"),IF($R60="",IF(AND(LOI_INTERCEPT<>"",LOI_SLOPE<>""),"CHECK: LOI below the range of the conversion equation (OC would be < 0)","CHECK: LOI conversion not set (Instructions tab)"),IF(OR($Q60<=0,$Q60>2.65,$R60>50),"CHECK: bulk density outside 0–2.65 g/cm3 or OC > 50%","OK")))))))))))
F61: =IF(OR($C61="",$D61=""),"",$D61-$C61) | G61: =IF($A61="","",IFERROR(INDEX('2. Plot & Core Log'!$M$6:$M$35,MATCH($A61,'2. Plot & Core Log'!$B$6:$B$35,0)),"")) | H61: =IF($A61="","",IFERROR(INDEX('2. Plot & Core Log'!$S$6:$S$35,MATCH($A61,'2. Plot & Core Log'!$B$6:$B$35,0)),"")) | I61: =IF(OR($C61="",$G61=""),"",$C61*$G61) | J61: =IF(OR($D61="",$G61=""),"",$D61*$G61) | K61: =IF(OR($F61="",$H61=""),"",PI()*(($H61/2)^2)*$F61) | P61: =IF(OR($L61="",$M61="",$L61=0),"",(($L61-$M61)/$L61)*100) | Q61: =IF(OR($M61="",$K61="",$K61=0),"",$M61/$K61) | R61: =IF(OR($N61="",$O61=""),"",IF(UPPER($O61)="OC",$N61,IF(UPPER($O61)="LOI",IF(OR(LOI_INTERCEPT="",LOI_SLOPE=""),"",IF(LOI_INTERCEPT+LOI_SLOPE*$N61<0,"",LOI_INTERCEPT+LOI_SLOPE*$N61)),""))) | S61: =IF($R61="","",$R61*10) | T61: =IF(OR($Q61="",$R61=""),"",$Q61*$R61/100) | U61: =IF(OR($T61="",$F61=""),"",$T61*$F61) | V61: =IF($U61="","",$U61*10) | W61: =IF(OR($V61="",$I61="",$J61="",$J61<=$I61),"",$V61*MAX(0,MIN($J61,15)-MAX($I61,0))/($J61-$I61)) | X61: =IF(OR($V61="",$I61="",$J61="",$J61<=$I61),"",$V61*MAX(0,MIN($J61,30)-MAX($I61,15))/($J61-$I61)) | Y61: =IF(OR($V61="",$I61="",$J61="",$J61<=$I61),"",$V61*MAX(0,MIN($J61,50)-MAX($I61,30))/($J61-$I61)) | Z61: =IF(OR($V61="",$I61="",$J61="",$J61<=$I61),"",$V61*MAX(0,MIN($J61,100)-MAX($I61,50))/($J61-$I61)) | AA61: =IF($A61="","",IF(OR($C61="",$D61="",$D61<=$C61),"CHECK: depths missing, or bottom not below top",IF(COUNTIFS($A$6:$A$205,$A61,$C$6:$C$205,$C61)>1,"DUPLICATE slice",IF(COUNTIFS($A$6:$A$205,$A61,$C$6:$C$205,"<"&$D61,$D$6:$D$205,">"&$C61)>1,"OVERLAP with another slice",IF(AND($C61>0,COUNTIFS($A$6:$A$205,$A61,$D$6:$D$205,$C61)=0),"GAP above this slice",IF(OR($G61="",$H61=""),"CHECK: Core ID not in Core Log, or its compaction / diameter missing",IF(AND(IF(COUNTIFS('2. Plot & Core Log'!$B$6:$B$35,$A61,'2. Plot & Core Log'!$L$6:$L$35,">0")=0,"",SUMIFS('2. Plot & Core Log'!$L$6:$L$35,'2. Plot & Core Log'!$B$6:$B$35,$A61))<>"",$D61>IF(COUNTIFS('2. Plot & Core Log'!$B$6:$B$35,$A61,'2. Plot & Core Log'!$L$6:$L$35,">0")=0,"",SUMIFS('2. Plot & Core Log'!$L$6:$L$35,'2. Plot & Core Log'!$B$6:$B$35,$A61))),"CHECK: slice deeper than the core length on Sheet 2",IF(OR($M61="",$N61="",$O61=""),"AWAITING LAB (dry weight, carbon value or type)",IF(AND(UPPER($O61)<>"OC",UPPER($O61)<>"LOI"),IF(UPPER($O61)="TC","TC is not organic carbon — ask the lab for OC or IC","CHECK: type must be OC, TC or LOI"),IF($R61="",IF(AND(LOI_INTERCEPT<>"",LOI_SLOPE<>""),"CHECK: LOI below the range of the conversion equation (OC would be < 0)","CHECK: LOI conversion not set (Instructions tab)"),IF(OR($Q61<=0,$Q61>2.65,$R61>50),"CHECK: bulk density outside 0–2.65 g/cm3 or OC > 50%","OK")))))))))))
F62: =IF(OR($C62="",$D62=""),"",$D62-$C62) | G62: =IF($A62="","",IFERROR(INDEX('2. Plot & Core Log'!$M$6:$M$35,MATCH($A62,'2. Plot & Core Log'!$B$6:$B$35,0)),"")) | H62: =IF($A62="","",IFERROR(INDEX('2. Plot & Core Log'!$S$6:$S$35,MATCH($A62,'2. Plot & Core Log'!$B$6:$B$35,0)),"")) | I62: =IF(OR($C62="",$G62=""),"",$C62*$G62) | J62: =IF(OR($D62="",$G62=""),"",$D62*$G62) | K62: =IF(OR($F62="",$H62=""),"",PI()*(($H62/2)^2)*$F62) | P62: =IF(OR($L62="",$M62="",$L62=0),"",(($L62-$M62)/$L62)*100) | Q62: =IF(OR($M62="",$K62="",$K62=0),"",$M62/$K62) | R62: =IF(OR($N62="",$O62=""),"",IF(UPPER($O62)="OC",$N62,IF(UPPER($O62)="LOI",IF(OR(LOI_INTERCEPT="",LOI_SLOPE=""),"",IF(LOI_INTERCEPT+LOI_SLOPE*$N62<0,"",LOI_INTERCEPT+LOI_SLOPE*$N62)),""))) | S62: =IF($R62="","",$R62*10) | T62: =IF(OR($Q62="",$R62=""),"",$Q62*$R62/100) | U62: =IF(OR($T62="",$F62=""),"",$T62*$F62) | V62: =IF($U62="","",$U62*10) | W62: =IF(OR($V62="",$I62="",$J62="",$J62<=$I62),"",$V62*MAX(0,MIN($J62,15)-MAX($I62,0))/($J62-$I62)) | X62: =IF(OR($V62="",$I62="",$J62="",$J62<=$I62),"",$V62*MAX(0,MIN($J62,30)-MAX($I62,15))/($J62-$I62)) | Y62: =IF(OR($V62="",$I62="",$J62="",$J62<=$I62),"",$V62*MAX(0,MIN($J62,50)-MAX($I62,30))/($J62-$I62)) | Z62: =IF(OR($V62="",$I62="",$J62="",$J62<=$I62),"",$V62*MAX(0,MIN($J62,100)-MAX($I62,50))/($J62-$I62)) | AA62: =IF($A62="","",IF(OR($C62="",$D62="",$D62<=$C62),"CHECK: depths missing, or bottom not below top",IF(COUNTIFS($A$6:$A$205,$A62,$C$6:$C$205,$C62)>1,"DUPLICATE slice",IF(COUNTIFS($A$6:$A$205,$A62,$C$6:$C$205,"<"&$D62,$D$6:$D$205,">"&$C62)>1,"OVERLAP with another slice",IF(AND($C62>0,COUNTIFS($A$6:$A$205,$A62,$D$6:$D$205,$C62)=0),"GAP above this slice",IF(OR($G62="",$H62=""),"CHECK: Core ID not in Core Log, or its compaction / diameter missing",IF(AND(IF(COUNTIFS('2. Plot & Core Log'!$B$6:$B$35,$A62,'2. Plot & Core Log'!$L$6:$L$35,">0")=0,"",SUMIFS('2. Plot & Core Log'!$L$6:$L$35,'2. Plot & Core Log'!$B$6:$B$35,$A62))<>"",$D62>IF(COUNTIFS('2. Plot & Core Log'!$B$6:$B$35,$A62,'2. Plot & Core Log'!$L$6:$L$35,">0")=0,"",SUMIFS('2. Plot & Core Log'!$L$6:$L$35,'2. Plot & Core Log'!$B$6:$B$35,$A62))),"CHECK: slice deeper than the core length on Sheet 2",IF(OR($M62="",$N62="",$O62=""),"AWAITING LAB (dry weight, carbon value or type)",IF(AND(UPPER($O62)<>"OC",UPPER($O62)<>"LOI"),IF(UPPER($O62)="TC","TC is not organic carbon — ask the lab for OC or IC","CHECK: type must be OC, TC or LOI"),IF($R62="",IF(AND(LOI_INTERCEPT<>"",LOI_SLOPE<>""),"CHECK: LOI below the range of the conversion equation (OC would be < 0)","CHECK: LOI conversion not set (Instructions tab)"),IF(OR($Q62<=0,$Q62>2.65,$R62>50),"CHECK: bulk density outside 0–2.65 g/cm3 or OC > 50%","OK")))))))))))
... F205: =IF(OR($C205="",$D205=""),"",$D205-$C205) | G205: =IF($A205="","",IFERROR(INDEX('2. Plot & Core Log'!$M$6:$M$35,MATCH($A205,'2. Plot & Core Log'!$B$6:$B$35,0)),"")) | H205: =IF($A205="","",IFERROR(INDEX('2. Plot & Core Log'!$S$6:$S$35,MATCH($A205,'2. Plot & Core Log'!$B$6:$B$35,0)),"")) | I205: =IF(OR($C205="",$G205=""),"",$C205*$G205) | J205: =IF(OR($D205="",$G205=""),"",$D205*$G205) | K205: =IF(OR($F205="",$H205=""),"",PI()*(($H205/2)^2)*$F205) | P205: =IF(OR($L205="",$M205="",$L205=0),"",(($L205-$M205)/$L205)*100) | Q205: =IF(OR($M205="",$K205="",$K205=0),"",$M205/$K205) | R205: =IF(OR($N205="",$O205=""),"",IF(UPPER($O205)="OC",$N205,IF(UPPER($O205)="LOI",IF(OR(LOI_INTERCEPT="",LOI_SLOPE=""),"",IF(LOI_INTERCEPT+LOI_SLOPE*$N205<0,"",LOI_INTERCEPT+LOI_SLOPE*$N205)),""))) | S205: =IF($R205="","",$R205*10) | T205: =IF(OR($Q205="",$R205=""),"",$Q205*$R205/100) | U205: =IF(OR($T205="",$F205=""),"",$T205*$F205) | V205: =IF($U205="","",$U205*10) | W205: =IF(OR($V205="",$I205="",$J205="",$J205<=$I205),"",$V205*MAX(0,MIN($J205,15)-MAX($I205,0))/($J205-$I205)) | X205: =IF(OR($V205="",$I205="",$J205="",$J205<=$I205),"",$V205*MAX(0,MIN($J205,30)-MAX($I205,15))/($J205-$I205)) | Y205: =IF(OR($V205="",$I205="",$J205="",$J205<=$I205),"",$V205*MAX(0,MIN($J205,50)-MAX($I205,30))/($J205-$I205)) | Z205: =IF(OR($V205="",$I205="",$J205="",$J205<=$I205),"",$V205*MAX(0,MIN($J205,100)-MAX($I205,50))/($J205-$I205)) | AA205: =IF($A205="","",IF(OR($C205="",$D205="",$D205<=$C205),"CHECK: depths missing, or bottom not below top",IF(COUNTIFS($A$6:$A$205,$A205,$C$6:$C$205,$C205)>1,"DUPLICATE slice",IF(COUNTIFS($A$6:$A$205,$A205,$C$6:$C$205,"<"&$D205,$D$6:$D$205,">"&$C205)>1,"OVERLAP with another slice",IF(AND($C205>0,COUNTIFS($A$6:$A$205,$A205,$D$6:$D$205,$C205)=0),"GAP above this slice",IF(OR($G205="",$H205=""),"CHECK: Core ID not in Core Log, or its compaction / diameter missing",IF(AND(IF(COUNTIFS('2. Plot & Core Log'!$B$6:$B$35,$A205,'2. Plot & Core Log'!$L$6:$L$35,">0")=0,"",SUMIFS('2. Plot & Core Log'!$L$6:$L$35,'2. Plot & Core Log'!$B$6:$B$35,$A205))<>"",$D205>IF(COUNTIFS('2. Plot & Core Log'!$B$6:$B$35,$A205,'2. Plot & Core Log'!$L$6:$L$35,">0")=0,"",SUMIFS('2. Plot & Core Log'!$L$6:$L$35,'2. Plot & Core Log'!$B$6:$B$35,$A205))),"CHECK: slice deeper than the core length on Sheet 2",IF(OR($M205="",$N205="",$O205=""),"AWAITING LAB (dry weight, carbon value or type)",IF(AND(UPPER($O205)<>"OC",UPPER($O205)<>"LOI"),IF(UPPER($O205)="TC","TC is not organic carbon — ask the lab for OC or IC","CHECK: type must be OC, TC or LOI"),IF($R205="",IF(AND(LOI_INTERCEPT<>"",LOI_SLOPE<>""),"CHECK: LOI below the range of the conversion equation (OC would be < 0)","CHECK: LOI conversion not set (Instructions tab)"),IF(OR($Q205<=0,$Q205>2.65,$R205>50),"CHECK: bulk density outside 0–2.65 g/cm3 or OC > 50%","OK")))))))))))
A207: Depths in columns C–D are measured down the recovered core (in the tube). The increment columns W–Z use in-situ depths (I–J), splitting a slice that crosses a boundary in proportion to its overlap, so no carbon is gained or lost.

Sheet 4. Core Summary
A1: Core Summary — automatic, nothing to type
A2: One row per core on Sheet 2. A core is totalled only when its QC check on Sheet 2 is OK (or ASSUMED) and every one of its slices passes the Slice check on Sheet 3 — a missing value is never counted as zero. Increments use in-situ depths.
A4: Core ID | B4: Plot ID | C4: Stratum | D4: Slices entered | E4: Slices checked OK | F4: Measured to — in tube (cm) | G4: Measured to — in situ (cm) | H4: Status | I4: Dry bulk density (g/cm3) thickness-weighted | J4: Organic carbon (%) mass-weighted | K4: Measured core stock (kg C/m2) | L4: Measured core stock (Mg C/ha) | M4: 0–15 cm (kg C/m2) | N4: 15–30 cm (kg C/m2) | O4: 30–50 cm (kg C/m2) | P4: 50–100 cm (kg C/m2)
A5: =IF('2. Plot & Core Log'!$B$6="","",'2. Plot & Core Log'!$B$6) -> COW-S5 | B5: =IF($A5="","",IF('2. Plot & Core Log'!$A$6="","",'2. Plot & Core Log'!$A$6)) -> S5 | C5: =IF($A5="","",IF('2. Plot & Core Log'!$P$6="","",'2. Plot & Core Log'!$P$6)) -> SG | D5: =IF($A5="","",COUNTIFS('3. Sample Data'!$A$6:$A$205,$A5)) -> 15 | E5: =IF($A5="","",COUNTIFS('3. Sample Data'!$A$6:$A$205,$A5,'3. Sample Data'!$AA$6:$AA$205,"OK")) -> 15 | F5: =IF(OR($A5="",$D5=0),"",_xlfn.MAXIFS('3. Sample Data'!$D$6:$D$205,'3. Sample Data'!$A$6:$A$205,$A5)) -> 20 | G5: =IF(OR($A5="",$D5=0),"",IFERROR(_xlfn.MAXIFS('3. Sample Data'!$J$6:$J$205,'3. Sample Data'!$A$6:$A$205,$A5),"")) -> 20 | H5: =IF($A5="","",IF($D5=0,"No slices entered",IF(AND('2. Plot & Core Log'!$O$6<>"OK",LEFT('2. Plot & Core Log'!$O$6,7)<>"ASSUMED"),'2. Plot & Core Log'!$O$6&" (Sheet 2)",IF($E5<$D5,"Not complete — see Slice check on Sheet 3","Complete")))) -> Complete | I5: =IF(OR($A5="",$H5<>"Complete"),"",SUMIFS('3. Sample Data'!$M$6:$M$205,'3. Sample Data'!$A$6:$A$205,$A5)/(PI()*(INDEX('2. Plot & Core Log'!$S$6:$S$35,MATCH($A5,'2. Plot & Core Log'!$B$6:$B$35,0))/2)^2*SUMIFS('3. Sample Data'!$F$6:$F$205,'3. Sample Data'!$A$6:$A$205,$A5))) -> 1.7380072 | J5: =IF(OR($A5="",$H5<>"Complete"),"",100*SUMIFS('3. Sample Data'!$U$6:$U$205,'3. Sample Data'!$A$6:$A$205,$A5)/(SUMIFS('3. Sample Data'!$M$6:$M$205,'3. Sample Data'!$A$6:$A$205,$A5)/(PI()*(INDEX('2. Plot & Core Log'!$S$6:$S$35,MATCH($A5,'2. Plot & Core Log'!$B$6:$B$35,0))/2)^2))) -> 0.63920135 | K5: =IF(OR($A5="",$H5<>"Complete"),"",SUMIFS('3. Sample Data'!$V$6:$V$205,'3. Sample Data'!$A$6:$A$205,$A5)) -> 2.2218731 | L5: =IF($K5="","",$K5*10) -> 22.218731 | M5: =IF(OR($A5="",$H5<>"Complete"),"",IF($G5>=15-0.0001,SUMIFS('3. Sample Data'!$W$6:$W$205,'3. Sample Data'!$A$6:$A$205,$A5),IF($G5>0,"partial — to "&TEXT($G5,"0.0")&" cm","not reached"))) -> 1.7119319 | N5: =IF(OR($A5="",$H5<>"Complete"),"",IF($G5>=30-0.0001,SUMIFS('3. Sample Data'!$X$6:$X$205,'3. Sample Data'!$A$6:$A$205,$A5),IF($G5>15,"partial — to "&TEXT($G5,"0.0")&" cm","not reached"))) -> partial — to 20.0 cm | O5: =IF(OR($A5="",$H5<>"Complete"),"",IF($G5>=50-0.0001,SUMIFS('3. Sample Data'!$Y$6:$Y$205,'3. Sample Data'!$A$6:$A$205,$A5),IF($G5>30,"partial — to "&TEXT($G5,"0.0")&" cm","not reached"))) -> not reached | P5: =IF(OR($A5="",$H5<>"Complete"),"",IF($G5>=100-0.0001,SUMIFS('3. Sample Data'!$Z$6:$Z$205,'3. Sample Data'!$A$6:$A$205,$A5),IF($G5>50,"partial — to "&TEXT($G5,"0.0")&" cm","not reached"))) -> not reached
A6: =IF('2. Plot & Core Log'!$B$7="","",'2. Plot & Core Log'!$B$7) -> COW-S6 | B6: =IF($A6="","",IF('2. Plot & Core Log'!$A$7="","",'2. Plot & Core Log'!$A$7)) -> S6 | C6: =IF($A6="","",IF('2. Plot & Core Log'!$P$7="","",'2. Plot & Core Log'!$P$7)) -> SG | D6: =IF($A6="","",COUNTIFS('3. Sample Data'!$A$6:$A$205,$A6)) -> 15 | E6: =IF($A6="","",COUNTIFS('3. Sample Data'!$A$6:$A$205,$A6,'3. Sample Data'!$AA$6:$AA$205,"OK")) -> 15 | F6: =IF(OR($A6="",$D6=0),"",_xlfn.MAXIFS('3. Sample Data'!$D$6:$D$205,'3. Sample Data'!$A$6:$A$205,$A6)) -> 20 | G6: =IF(OR($A6="",$D6=0),"",IFERROR(_xlfn.MAXIFS('3. Sample Data'!$J$6:$J$205,'3. Sample Data'!$A$6:$A$205,$A6),"")) -> 20 | H6: =IF($A6="","",IF($D6=0,"No slices entered",IF(AND('2. Plot & Core Log'!$O$7<>"OK",LEFT('2. Plot & Core Log'!$O$7,7)<>"ASSUMED"),'2. Plot & Core Log'!$O$7&" (Sheet 2)",IF($E6<$D6,"Not complete — see Slice check on Sheet 3","Complete")))) -> Complete | I6: =IF(OR($A6="",$H6<>"Complete"),"",SUMIFS('3. Sample Data'!$M$6:$M$205,'3. Sample Data'!$A$6:$A$205,$A6)/(PI()*(INDEX('2. Plot & Core Log'!$S$6:$S$35,MATCH($A6,'2. Plot & Core Log'!$B$6:$B$35,0))/2)^2*SUMIFS('3. Sample Data'!$F$6:$F$205,'3. Sample Data'!$A$6:$A$205,$A6))) -> 1.6525 | J6: =IF(OR($A6="",$H6<>"Complete"),"",100*SUMIFS('3. Sample Data'!$U$6:$U$205,'3. Sample Data'!$A$6:$A$205,$A6)/(SUMIFS('3. Sample Data'!$M$6:$M$205,'3. Sample Data'!$A$6:$A$205,$A6)/(PI()*(INDEX('2. Plot & Core Log'!$S$6:$S$35,MATCH($A6,'2. Plot & Core Log'!$B$6:$B$35,0))/2)^2))) -> 0.66015391 | K6: =IF(OR($A6="",$H6<>"Complete"),"",SUMIFS('3. Sample Data'!$V$6:$V$205,'3. Sample Data'!$A$6:$A$205,$A6)) -> 2.1818087 | L6: =IF($K6="","",$K6*10) -> 21.818087 | M6: =IF(OR($A6="",$H6<>"Complete"),"",IF($G6>=15-0.0001,SUMIFS('3. Sample Data'!$W$6:$W$205,'3. Sample Data'!$A$6:$A$205,$A6),IF($G6>0,"partial — to "&TEXT($G6,"0.0")&" cm","not reached"))) -> 1.2118233 | N6: =IF(OR($A6="",$H6<>"Complete"),"",IF($G6>=30-0.0001,SUMIFS('3. Sample Data'!$X$6:$X$205,'3. Sample Data'!$A$6:$A$205,$A6),IF($G6>15,"partial — to "&TEXT($G6,"0.0")&" cm","not reached"))) -> partial — to 20.0 cm | O6: =IF(OR($A6="",$H6<>"Complete"),"",IF($G6>=50-0.0001,SUMIFS('3. Sample Data'!$Y$6:$Y$205,'3. Sample Data'!$A$6:$A$205,$A6),IF($G6>30,"partial — to "&TEXT($G6,"0.0")&" cm","not reached"))) -> not reached | P6: =IF(OR($A6="",$H6<>"Complete"),"",IF($G6>=100-0.0001,SUMIFS('3. Sample Data'!$Z$6:$Z$205,'3. Sample Data'!$A$6:$A$205,$A6),IF($G6>50,"partial — to "&TEXT($G6,"0.0")&" cm","not reached"))) -> not reached
A7: =IF('2. Plot & Core Log'!$B$8="","",'2. Plot & Core Log'!$B$8) -> COW-S7 | B7: =IF($A7="","",IF('2. Plot & Core Log'!$A$8="","",'2. Plot & Core Log'!$A$8)) -> S7 | C7: =IF($A7="","",IF('2. Plot & Core Log'!$P$8="","",'2. Plot & Core Log'!$P$8)) -> SG | D7: =IF($A7="","",COUNTIFS('3. Sample Data'!$A$6:$A$205,$A7)) -> 15 | E7: =IF($A7="","",COUNTIFS('3. Sample Data'!$A$6:$A$205,$A7,'3. Sample Data'!$AA$6:$AA$205,"OK")) -> 15 | F7: =IF(OR($A7="",$D7=0),"",_xlfn.MAXIFS('3. Sample Data'!$D$6:$D$205,'3. Sample Data'!$A$6:$A$205,$A7)) -> 20 | G7: =IF(OR($A7="",$D7=0),"",IFERROR(_xlfn.MAXIFS('3. Sample Data'!$J$6:$J$205,'3. Sample Data'!$A$6:$A$205,$A7),"")) -> 20 | H7: =IF($A7="","",IF($D7=0,"No slices entered",IF(AND('2. Plot & Core Log'!$O$8<>"OK",LEFT('2. Plot & Core Log'!$O$8,7)<>"ASSUMED"),'2. Plot & Core Log'!$O$8&" (Sheet 2)",IF($E7<$D7,"Not complete — see Slice check on Sheet 3","Complete")))) -> Complete | I7: =IF(OR($A7="",$H7<>"Complete"),"",SUMIFS('3. Sample Data'!$M$6:$M$205,'3. Sample Data'!$A$6:$A$205,$A7)/(PI()*(INDEX('2. Plot & Core Log'!$S$6:$S$35,MATCH($A7,'2. Plot & Core Log'!$B$6:$B$35,0))/2)^2*SUMIFS('3. Sample Data'!$F$6:$F$205,'3. Sample Data'!$A$6:$A$205,$A7))) -> 1.7624977 | J7: =IF(OR($A7="",$H7<>"Complete"),"",100*SUMIFS('3. Sample Data'!$U$6:$U$205,'3. Sample Data'!$A$6:$A$205,$A7)/(SUMIFS('3. Sample Data'!$M$6:$M$205,'3. Sample Data'!$A$6:$A$205,$A7)/(PI()*(INDEX('2. Plot & Core Log'!$S$6:$S$35,MATCH($A7,'2. Plot & Core Log'!$B$6:$B$35,0))/2)^2))) -> 0.53271701 | K7: =IF(OR($A7="",$H7<>"Complete"),"",SUMIFS('3. Sample Data'!$V$6:$V$205,'3. Sample Data'!$A$6:$A$205,$A7)) -> 1.877825 | L7: =IF($K7="","",$K7*10) -> 18.77825 | M7: =IF(OR($A7="",$H7<>"Complete"),"",IF($G7>=15-0.0001,SUMIFS('3. Sample Data'!$W$6:$W$205,'3. Sample Data'!$A$6:$A$205,$A7),IF($G7>0,"partial — to "&TEXT($G7,"0.0")&" cm","not reached"))) -> 1.4470413 | N7: =IF(OR($A7="",$H7<>"Complete"),"",IF($G7>=30-0.0001,SUMIFS('3. Sample Data'!$X$6:$X$205,'3. Sample Data'!$A$6:$A$205,$A7),IF($G7>15,"partial — to "&TEXT($G7,"0.0")&" cm","not reached"))) -> partial — to 20.0 cm | O7: =IF(OR($A7="",$H7<>"Complete"),"",IF($G7>=50-0.0001,SUMIFS('3. Sample Data'!$Y$6:$Y$205,'3. Sample Data'!$A$6:$A$205,$A7),IF($G7>30,"partial — to "&TEXT($G7,"0.0")&" cm","not reached"))) -> not reached | P7: =IF(OR($A7="",$H7<>"Complete"),"",IF($G7>=100-0.0001,SUMIFS('3. Sample Data'!$Z$6:$Z$205,'3. Sample Data'!$A$6:$A$205,$A7),IF($G7>50,"partial — to "&TEXT($G7,"0.0")&" cm","not reached"))) -> not reached
A8: =IF('2. Plot & Core Log'!$B$9="","",'2. Plot & Core Log'!$B$9) | B8: =IF($A8="","",IF('2. Plot & Core Log'!$A$9="","",'2. Plot & Core Log'!$A$9)) | C8: =IF($A8="","",IF('2. Plot & Core Log'!$P$9="","",'2. Plot & Core Log'!$P$9)) | D8: =IF($A8="","",COUNTIFS('3. Sample Data'!$A$6:$A$205,$A8)) | E8: =IF($A8="","",COUNTIFS('3. Sample Data'!$A$6:$A$205,$A8,'3. Sample Data'!$AA$6:$AA$205,"OK")) | F8: =IF(OR($A8="",$D8=0),"",_xlfn.MAXIFS('3. Sample Data'!$D$6:$D$205,'3. Sample Data'!$A$6:$A$205,$A8)) | G8: =IF(OR($A8="",$D8=0),"",IFERROR(_xlfn.MAXIFS('3. Sample Data'!$J$6:$J$205,'3. Sample Data'!$A$6:$A$205,$A8),"")) | H8: =IF($A8="","",IF($D8=0,"No slices entered",IF(AND('2. Plot & Core Log'!$O$9<>"OK",LEFT('2. Plot & Core Log'!$O$9,7)<>"ASSUMED"),'2. Plot & Core Log'!$O$9&" (Sheet 2)",IF($E8<$D8,"Not complete — see Slice check on Sheet 3","Complete")))) | I8: =IF(OR($A8="",$H8<>"Complete"),"",SUMIFS('3. Sample Data'!$M$6:$M$205,'3. Sample Data'!$A$6:$A$205,$A8)/(PI()*(INDEX('2. Plot & Core Log'!$S$6:$S$35,MATCH($A8,'2. Plot & Core Log'!$B$6:$B$35,0))/2)^2*SUMIFS('3. Sample Data'!$F$6:$F$205,'3. Sample Data'!$A$6:$A$205,$A8))) | J8: =IF(OR($A8="",$H8<>"Complete"),"",100*SUMIFS('3. Sample Data'!$U$6:$U$205,'3. Sample Data'!$A$6:$A$205,$A8)/(SUMIFS('3. Sample Data'!$M$6:$M$205,'3. Sample Data'!$A$6:$A$205,$A8)/(PI()*(INDEX('2. Plot & Core Log'!$S$6:$S$35,MATCH($A8,'2. Plot & Core Log'!$B$6:$B$35,0))/2)^2))) | K8: =IF(OR($A8="",$H8<>"Complete"),"",SUMIFS('3. Sample Data'!$V$6:$V$205,'3. Sample Data'!$A$6:$A$205,$A8)) | L8: =IF($K8="","",$K8*10) | M8: =IF(OR($A8="",$H8<>"Complete"),"",IF($G8>=15-0.0001,SUMIFS('3. Sample Data'!$W$6:$W$205,'3. Sample Data'!$A$6:$A$205,$A8),IF($G8>0,"partial — to "&TEXT($G8,"0.0")&" cm","not reached"))) | N8: =IF(OR($A8="",$H8<>"Complete"),"",IF($G8>=30-0.0001,SUMIFS('3. Sample Data'!$X$6:$X$205,'3. Sample Data'!$A$6:$A$205,$A8),IF($G8>15,"partial — to "&TEXT($G8,"0.0")&" cm","not reached"))) | O8: =IF(OR($A8="",$H8<>"Complete"),"",IF($G8>=50-0.0001,SUMIFS('3. Sample Data'!$Y$6:$Y$205,'3. Sample Data'!$A$6:$A$205,$A8),IF($G8>30,"partial — to "&TEXT($G8,"0.0")&" cm","not reached"))) | P8: =IF(OR($A8="",$H8<>"Complete"),"",IF($G8>=100-0.0001,SUMIFS('3. Sample Data'!$Z$6:$Z$205,'3. Sample Data'!$A$6:$A$205,$A8),IF($G8>50,"partial — to "&TEXT($G8,"0.0")&" cm","not reached")))
A9: =IF('2. Plot & Core Log'!$B$10="","",'2. Plot & Core Log'!$B$10) | B9: =IF($A9="","",IF('2. Plot & Core Log'!$A$10="","",'2. Plot & Core Log'!$A$10)) | C9: =IF($A9="","",IF('2. Plot & Core Log'!$P$10="","",'2. Plot & Core Log'!$P$10)) | D9: =IF($A9="","",COUNTIFS('3. Sample Data'!$A$6:$A$205,$A9)) | E9: =IF($A9="","",COUNTIFS('3. Sample Data'!$A$6:$A$205,$A9,'3. Sample Data'!$AA$6:$AA$205,"OK")) | F9: =IF(OR($A9="",$D9=0),"",_xlfn.MAXIFS('3. Sample Data'!$D$6:$D$205,'3. Sample Data'!$A$6:$A$205,$A9)) | G9: =IF(OR($A9="",$D9=0),"",IFERROR(_xlfn.MAXIFS('3. Sample Data'!$J$6:$J$205,'3. Sample Data'!$A$6:$A$205,$A9),"")) | H9: =IF($A9="","",IF($D9=0,"No slices entered",IF(AND('2. Plot & Core Log'!$O$10<>"OK",LEFT('2. Plot & Core Log'!$O$10,7)<>"ASSUMED"),'2. Plot & Core Log'!$O$10&" (Sheet 2)",IF($E9<$D9,"Not complete — see Slice check on Sheet 3","Complete")))) | I9: =IF(OR($A9="",$H9<>"Complete"),"",SUMIFS('3. Sample Data'!$M$6:$M$205,'3. Sample Data'!$A$6:$A$205,$A9)/(PI()*(INDEX('2. Plot & Core Log'!$S$6:$S$35,MATCH($A9,'2. Plot & Core Log'!$B$6:$B$35,0))/2)^2*SUMIFS('3. Sample Data'!$F$6:$F$205,'3. Sample Data'!$A$6:$A$205,$A9))) | J9: =IF(OR($A9="",$H9<>"Complete"),"",100*SUMIFS('3. Sample Data'!$U$6:$U$205,'3. Sample Data'!$A$6:$A$205,$A9)/(SUMIFS('3. Sample Data'!$M$6:$M$205,'3. Sample Data'!$A$6:$A$205,$A9)/(PI()*(INDEX('2. Plot & Core Log'!$S$6:$S$35,MATCH($A9,'2. Plot & Core Log'!$B$6:$B$35,0))/2)^2))) | K9: =IF(OR($A9="",$H9<>"Complete"),"",SUMIFS('3. Sample Data'!$V$6:$V$205,'3. Sample Data'!$A$6:$A$205,$A9)) | L9: =IF($K9="","",$K9*10) | M9: =IF(OR($A9="",$H9<>"Complete"),"",IF($G9>=15-0.0001,SUMIFS('3. Sample Data'!$W$6:$W$205,'3. Sample Data'!$A$6:$A$205,$A9),IF($G9>0,"partial — to "&TEXT($G9,"0.0")&" cm","not reached"))) | N9: =IF(OR($A9="",$H9<>"Complete"),"",IF($G9>=30-0.0001,SUMIFS('3. Sample Data'!$X$6:$X$205,'3. Sample Data'!$A$6:$A$205,$A9),IF($G9>15,"partial — to "&TEXT($G9,"0.0")&" cm","not reached"))) | O9: =IF(OR($A9="",$H9<>"Complete"),"",IF($G9>=50-0.0001,SUMIFS('3. Sample Data'!$Y$6:$Y$205,'3. Sample Data'!$A$6:$A$205,$A9),IF($G9>30,"partial — to "&TEXT($G9,"0.0")&" cm","not reached"))) | P9: =IF(OR($A9="",$H9<>"Complete"),"",IF($G9>=100-0.0001,SUMIFS('3. Sample Data'!$Z$6:$Z$205,'3. Sample Data'!$A$6:$A$205,$A9),IF($G9>50,"partial — to "&TEXT($G9,"0.0")&" cm","not reached")))
A10: =IF('2. Plot & Core Log'!$B$11="","",'2. Plot & Core Log'!$B$11) | B10: =IF($A10="","",IF('2. Plot & Core Log'!$A$11="","",'2. Plot & Core Log'!$A$11)) | C10: =IF($A10="","",IF('2. Plot & Core Log'!$P$11="","",'2. Plot & Core Log'!$P$11)) | D10: =IF($A10="","",COUNTIFS('3. Sample Data'!$A$6:$A$205,$A10)) | E10: =IF($A10="","",COUNTIFS('3. Sample Data'!$A$6:$A$205,$A10,'3. Sample Data'!$AA$6:$AA$205,"OK")) | F10: =IF(OR($A10="",$D10=0),"",_xlfn.MAXIFS('3. Sample Data'!$D$6:$D$205,'3. Sample Data'!$A$6:$A$205,$A10)) | G10: =IF(OR($A10="",$D10=0),"",IFERROR(_xlfn.MAXIFS('3. Sample Data'!$J$6:$J$205,'3. Sample Data'!$A$6:$A$205,$A10),"")) | H10: =IF($A10="","",IF($D10=0,"No slices entered",IF(AND('2. Plot & Core Log'!$O$11<>"OK",LEFT('2. Plot & Core Log'!$O$11,7)<>"ASSUMED"),'2. Plot & Core Log'!$O$11&" (Sheet 2)",IF($E10<$D10,"Not complete — see Slice check on Sheet 3","Complete")))) | I10: =IF(OR($A10="",$H10<>"Complete"),"",SUMIFS('3. Sample Data'!$M$6:$M$205,'3. Sample Data'!$A$6:$A$205,$A10)/(PI()*(INDEX('2. Plot & Core Log'!$S$6:$S$35,MATCH($A10,'2. Plot & Core Log'!$B$6:$B$35,0))/2)^2*SUMIFS('3. Sample Data'!$F$6:$F$205,'3. Sample Data'!$A$6:$A$205,$A10))) | J10: =IF(OR($A10="",$H10<>"Complete"),"",100*SUMIFS('3. Sample Data'!$U$6:$U$205,'3. Sample Data'!$A$6:$A$205,$A10)/(SUMIFS('3. Sample Data'!$M$6:$M$205,'3. Sample Data'!$A$6:$A$205,$A10)/(PI()*(INDEX('2. Plot & Core Log'!$S$6:$S$35,MATCH($A10,'2. Plot & Core Log'!$B$6:$B$35,0))/2)^2))) | K10: =IF(OR($A10="",$H10<>"Complete"),"",SUMIFS('3. Sample Data'!$V$6:$V$205,'3. Sample Data'!$A$6:$A$205,$A10)) | L10: =IF($K10="","",$K10*10) | M10: =IF(OR($A10="",$H10<>"Complete"),"",IF($G10>=15-0.0001,SUMIFS('3. Sample Data'!$W$6:$W$205,'3. Sample Data'!$A$6:$A$205,$A10),IF($G10>0,"partial — to "&TEXT($G10,"0.0")&" cm","not reached"))) | N10: =IF(OR($A10="",$H10<>"Complete"),"",IF($G10>=30-0.0001,SUMIFS('3. Sample Data'!$X$6:$X$205,'3. Sample Data'!$A$6:$A$205,$A10),IF($G10>15,"partial — to "&TEXT($G10,"0.0")&" cm","not reached"))) | O10: =IF(OR($A10="",$H10<>"Complete"),"",IF($G10>=50-0.0001,SUMIFS('3. Sample Data'!$Y$6:$Y$205,'3. Sample Data'!$A$6:$A$205,$A10),IF($G10>30,"partial — to "&TEXT($G10,"0.0")&" cm","not reached"))) | P10: =IF(OR($A10="",$H10<>"Complete"),"",IF($G10>=100-0.0001,SUMIFS('3. Sample Data'!$Z$6:$Z$205,'3. Sample Data'!$A$6:$A$205,$A10),IF($G10>50,"partial — to "&TEXT($G10,"0.0")&" cm","not reached")))
A11: =IF('2. Plot & Core Log'!$B$12="","",'2. Plot & Core Log'!$B$12) | B11: =IF($A11="","",IF('2. Plot & Core Log'!$A$12="","",'2. Plot & Core Log'!$A$12)) | C11: =IF($A11="","",IF('2. Plot & Core Log'!$P$12="","",'2. Plot & Core Log'!$P$12)) | D11: =IF($A11="","",COUNTIFS('3. Sample Data'!$A$6:$A$205,$A11)) | E11: =IF($A11="","",COUNTIFS('3. Sample Data'!$A$6:$A$205,$A11,'3. Sample Data'!$AA$6:$AA$205,"OK")) | F11: =IF(OR($A11="",$D11=0),"",_xlfn.MAXIFS('3. Sample Data'!$D$6:$D$205,'3. Sample Data'!$A$6:$A$205,$A11)) | G11: =IF(OR($A11="",$D11=0),"",IFERROR(_xlfn.MAXIFS('3. Sample Data'!$J$6:$J$205,'3. Sample Data'!$A$6:$A$205,$A11),"")) | H11: =IF($A11="","",IF($D11=0,"No slices entered",IF(AND('2. Plot & Core Log'!$O$12<>"OK",LEFT('2. Plot & Core Log'!$O$12,7)<>"ASSUMED"),'2. Plot & Core Log'!$O$12&" (Sheet 2)",IF($E11<$D11,"Not complete — see Slice check on Sheet 3","Complete")))) | I11: =IF(OR($A11="",$H11<>"Complete"),"",SUMIFS('3. Sample Data'!$M$6:$M$205,'3. Sample Data'!$A$6:$A$205,$A11)/(PI()*(INDEX('2. Plot & Core Log'!$S$6:$S$35,MATCH($A11,'2. Plot & Core Log'!$B$6:$B$35,0))/2)^2*SUMIFS('3. Sample Data'!$F$6:$F$205,'3. Sample Data'!$A$6:$A$205,$A11))) | J11: =IF(OR($A11="",$H11<>"Complete"),"",100*SUMIFS('3. Sample Data'!$U$6:$U$205,'3. Sample Data'!$A$6:$A$205,$A11)/(SUMIFS('3. Sample Data'!$M$6:$M$205,'3. Sample Data'!$A$6:$A$205,$A11)/(PI()*(INDEX('2. Plot & Core Log'!$S$6:$S$35,MATCH($A11,'2. Plot & Core Log'!$B$6:$B$35,0))/2)^2))) | K11: =IF(OR($A11="",$H11<>"Complete"),"",SUMIFS('3. Sample Data'!$V$6:$V$205,'3. Sample Data'!$A$6:$A$205,$A11)) | L11: =IF($K11="","",$K11*10) | M11: =IF(OR($A11="",$H11<>"Complete"),"",IF($G11>=15-0.0001,SUMIFS('3. Sample Data'!$W$6:$W$205,'3. Sample Data'!$A$6:$A$205,$A11),IF($G11>0,"partial — to "&TEXT($G11,"0.0")&" cm","not reached"))) | N11: =IF(OR($A11="",$H11<>"Complete"),"",IF($G11>=30-0.0001,SUMIFS('3. Sample Data'!$X$6:$X$205,'3. Sample Data'!$A$6:$A$205,$A11),IF($G11>15,"partial — to "&TEXT($G11,"0.0")&" cm","not reached"))) | O11: =IF(OR($A11="",$H11<>"Complete"),"",IF($G11>=50-0.0001,SUMIFS('3. Sample Data'!$Y$6:$Y$205,'3. Sample Data'!$A$6:$A$205,$A11),IF($G11>30,"partial — to "&TEXT($G11,"0.0")&" cm","not reached"))) | P11: =IF(OR($A11="",$H11<>"Complete"),"",IF($G11>=100-0.0001,SUMIFS('3. Sample Data'!$Z$6:$Z$205,'3. Sample Data'!$A$6:$A$205,$A11),IF($G11>50,"partial — to "&TEXT($G11,"0.0")&" cm","not reached")))
A12: =IF('2. Plot & Core Log'!$B$13="","",'2. Plot & Core Log'!$B$13) | B12: =IF($A12="","",IF('2. Plot & Core Log'!$A$13="","",'2. Plot & Core Log'!$A$13)) | C12: =IF($A12="","",IF('2. Plot & Core Log'!$P$13="","",'2. Plot & Core Log'!$P$13)) | D12: =IF($A12="","",COUNTIFS('3. Sample Data'!$A$6:$A$205,$A12)) | E12: =IF($A12="","",COUNTIFS('3. Sample Data'!$A$6:$A$205,$A12,'3. Sample Data'!$AA$6:$AA$205,"OK")) | F12: =IF(OR($A12="",$D12=0),"",_xlfn.MAXIFS('3. Sample Data'!$D$6:$D$205,'3. Sample Data'!$A$6:$A$205,$A12)) | G12: =IF(OR($A12="",$D12=0),"",IFERROR(_xlfn.MAXIFS('3. Sample Data'!$J$6:$J$205,'3. Sample Data'!$A$6:$A$205,$A12),"")) | H12: =IF($A12="","",IF($D12=0,"No slices entered",IF(AND('2. Plot & Core Log'!$O$13<>"OK",LEFT('2. Plot & Core Log'!$O$13,7)<>"ASSUMED"),'2. Plot & Core Log'!$O$13&" (Sheet 2)",IF($E12<$D12,"Not complete — see Slice check on Sheet 3","Complete")))) | I12: =IF(OR($A12="",$H12<>"Complete"),"",SUMIFS('3. Sample Data'!$M$6:$M$205,'3. Sample Data'!$A$6:$A$205,$A12)/(PI()*(INDEX('2. Plot & Core Log'!$S$6:$S$35,MATCH($A12,'2. Plot & Core Log'!$B$6:$B$35,0))/2)^2*SUMIFS('3. Sample Data'!$F$6:$F$205,'3. Sample Data'!$A$6:$A$205,$A12))) | J12: =IF(OR($A12="",$H12<>"Complete"),"",100*SUMIFS('3. Sample Data'!$U$6:$U$205,'3. Sample Data'!$A$6:$A$205,$A12)/(SUMIFS('3. Sample Data'!$M$6:$M$205,'3. Sample Data'!$A$6:$A$205,$A12)/(PI()*(INDEX('2. Plot & Core Log'!$S$6:$S$35,MATCH($A12,'2. Plot & Core Log'!$B$6:$B$35,0))/2)^2))) | K12: =IF(OR($A12="",$H12<>"Complete"),"",SUMIFS('3. Sample Data'!$V$6:$V$205,'3. Sample Data'!$A$6:$A$205,$A12)) | L12: =IF($K12="","",$K12*10) | M12: =IF(OR($A12="",$H12<>"Complete"),"",IF($G12>=15-0.0001,SUMIFS('3. Sample Data'!$W$6:$W$205,'3. Sample Data'!$A$6:$A$205,$A12),IF($G12>0,"partial — to "&TEXT($G12,"0.0")&" cm","not reached"))) | N12: =IF(OR($A12="",$H12<>"Complete"),"",IF($G12>=30-0.0001,SUMIFS('3. Sample Data'!$X$6:$X$205,'3. Sample Data'!$A$6:$A$205,$A12),IF($G12>15,"partial — to "&TEXT($G12,"0.0")&" cm","not reached"))) | O12: =IF(OR($A12="",$H12<>"Complete"),"",IF($G12>=50-0.0001,SUMIFS('3. Sample Data'!$Y$6:$Y$205,'3. Sample Data'!$A$6:$A$205,$A12),IF($G12>30,"partial — to "&TEXT($G12,"0.0")&" cm","not reached"))) | P12: =IF(OR($A12="",$H12<>"Complete"),"",IF($G12>=100-0.0001,SUMIFS('3. Sample Data'!$Z$6:$Z$205,'3. Sample Data'!$A$6:$A$205,$A12),IF($G12>50,"partial — to "&TEXT($G12,"0.0")&" cm","not reached")))
A13: =IF('2. Plot & Core Log'!$B$14="","",'2. Plot & Core Log'!$B$14) | B13: =IF($A13="","",IF('2. Plot & Core Log'!$A$14="","",'2. Plot & Core Log'!$A$14)) | C13: =IF($A13="","",IF('2. Plot & Core Log'!$P$14="","",'2. Plot & Core Log'!$P$14)) | D13: =IF($A13="","",COUNTIFS('3. Sample Data'!$A$6:$A$205,$A13)) | E13: =IF($A13="","",COUNTIFS('3. Sample Data'!$A$6:$A$205,$A13,'3. Sample Data'!$AA$6:$AA$205,"OK")) | F13: =IF(OR($A13="",$D13=0),"",_xlfn.MAXIFS('3. Sample Data'!$D$6:$D$205,'3. Sample Data'!$A$6:$A$205,$A13)) | G13: =IF(OR($A13="",$D13=0),"",IFERROR(_xlfn.MAXIFS('3. Sample Data'!$J$6:$J$205,'3. Sample Data'!$A$6:$A$205,$A13),"")) | H13: =IF($A13="","",IF($D13=0,"No slices entered",IF(AND('2. Plot & Core Log'!$O$14<>"OK",LEFT('2. Plot & Core Log'!$O$14,7)<>"ASSUMED"),'2. Plot & Core Log'!$O$14&" (Sheet 2)",IF($E13<$D13,"Not complete — see Slice check on Sheet 3","Complete")))) | I13: =IF(OR($A13="",$H13<>"Complete"),"",SUMIFS('3. Sample Data'!$M$6:$M$205,'3. Sample Data'!$A$6:$A$205,$A13)/(PI()*(INDEX('2. Plot & Core Log'!$S$6:$S$35,MATCH($A13,'2. Plot & Core Log'!$B$6:$B$35,0))/2)^2*SUMIFS('3. Sample Data'!$F$6:$F$205,'3. Sample Data'!$A$6:$A$205,$A13))) | J13: =IF(OR($A13="",$H13<>"Complete"),"",100*SUMIFS('3. Sample Data'!$U$6:$U$205,'3. Sample Data'!$A$6:$A$205,$A13)/(SUMIFS('3. Sample Data'!$M$6:$M$205,'3. Sample Data'!$A$6:$A$205,$A13)/(PI()*(INDEX('2. Plot & Core Log'!$S$6:$S$35,MATCH($A13,'2. Plot & Core Log'!$B$6:$B$35,0))/2)^2))) | K13: =IF(OR($A13="",$H13<>"Complete"),"",SUMIFS('3. Sample Data'!$V$6:$V$205,'3. Sample Data'!$A$6:$A$205,$A13)) | L13: =IF($K13="","",$K13*10) | M13: =IF(OR($A13="",$H13<>"Complete"),"",IF($G13>=15-0.0001,SUMIFS('3. Sample Data'!$W$6:$W$205,'3. Sample Data'!$A$6:$A$205,$A13),IF($G13>0,"partial — to "&TEXT($G13,"0.0")&" cm","not reached"))) | N13: =IF(OR($A13="",$H13<>"Complete"),"",IF($G13>=30-0.0001,SUMIFS('3. Sample Data'!$X$6:$X$205,'3. Sample Data'!$A$6:$A$205,$A13),IF($G13>15,"partial — to "&TEXT($G13,"0.0")&" cm","not reached"))) | O13: =IF(OR($A13="",$H13<>"Complete"),"",IF($G13>=50-0.0001,SUMIFS('3. Sample Data'!$Y$6:$Y$205,'3. Sample Data'!$A$6:$A$205,$A13),IF($G13>30,"partial — to "&TEXT($G13,"0.0")&" cm","not reached"))) | P13: =IF(OR($A13="",$H13<>"Complete"),"",IF($G13>=100-0.0001,SUMIFS('3. Sample Data'!$Z$6:$Z$205,'3. Sample Data'!$A$6:$A$205,$A13),IF($G13>50,"partial — to "&TEXT($G13,"0.0")&" cm","not reached")))
A14: =IF('2. Plot & Core Log'!$B$15="","",'2. Plot & Core Log'!$B$15) | B14: =IF($A14="","",IF('2. Plot & Core Log'!$A$15="","",'2. Plot & Core Log'!$A$15)) | C14: =IF($A14="","",IF('2. Plot & Core Log'!$P$15="","",'2. Plot & Core Log'!$P$15)) | D14: =IF($A14="","",COUNTIFS('3. Sample Data'!$A$6:$A$205,$A14)) | E14: =IF($A14="","",COUNTIFS('3. Sample Data'!$A$6:$A$205,$A14,'3. Sample Data'!$AA$6:$AA$205,"OK")) | F14: =IF(OR($A14="",$D14=0),"",_xlfn.MAXIFS('3. Sample Data'!$D$6:$D$205,'3. Sample Data'!$A$6:$A$205,$A14)) | G14: =IF(OR($A14="",$D14=0),"",IFERROR(_xlfn.MAXIFS('3. Sample Data'!$J$6:$J$205,'3. Sample Data'!$A$6:$A$205,$A14),"")) | H14: =IF($A14="","",IF($D14=0,"No slices entered",IF(AND('2. Plot & Core Log'!$O$15<>"OK",LEFT('2. Plot & Core Log'!$O$15,7)<>"ASSUMED"),'2. Plot & Core Log'!$O$15&" (Sheet 2)",IF($E14<$D14,"Not complete — see Slice check on Sheet 3","Complete")))) | I14: =IF(OR($A14="",$H14<>"Complete"),"",SUMIFS('3. Sample Data'!$M$6:$M$205,'3. Sample Data'!$A$6:$A$205,$A14)/(PI()*(INDEX('2. Plot & Core Log'!$S$6:$S$35,MATCH($A14,'2. Plot & Core Log'!$B$6:$B$35,0))/2)^2*SUMIFS('3. Sample Data'!$F$6:$F$205,'3. Sample Data'!$A$6:$A$205,$A14))) | J14: =IF(OR($A14="",$H14<>"Complete"),"",100*SUMIFS('3. Sample Data'!$U$6:$U$205,'3. Sample Data'!$A$6:$A$205,$A14)/(SUMIFS('3. Sample Data'!$M$6:$M$205,'3. Sample Data'!$A$6:$A$205,$A14)/(PI()*(INDEX('2. Plot & Core Log'!$S$6:$S$35,MATCH($A14,'2. Plot & Core Log'!$B$6:$B$35,0))/2)^2))) | K14: =IF(OR($A14="",$H14<>"Complete"),"",SUMIFS('3. Sample Data'!$V$6:$V$205,'3. Sample Data'!$A$6:$A$205,$A14)) | L14: =IF($K14="","",$K14*10) | M14: =IF(OR($A14="",$H14<>"Complete"),"",IF($G14>=15-0.0001,SUMIFS('3. Sample Data'!$W$6:$W$205,'3. Sample Data'!$A$6:$A$205,$A14),IF($G14>0,"partial — to "&TEXT($G14,"0.0")&" cm","not reached"))) | N14: =IF(OR($A14="",$H14<>"Complete"),"",IF($G14>=30-0.0001,SUMIFS('3. Sample Data'!$X$6:$X$205,'3. Sample Data'!$A$6:$A$205,$A14),IF($G14>15,"partial — to "&TEXT($G14,"0.0")&" cm","not reached"))) | O14: =IF(OR($A14="",$H14<>"Complete"),"",IF($G14>=50-0.0001,SUMIFS('3. Sample Data'!$Y$6:$Y$205,'3. Sample Data'!$A$6:$A$205,$A14),IF($G14>30,"partial — to "&TEXT($G14,"0.0")&" cm","not reached"))) | P14: =IF(OR($A14="",$H14<>"Complete"),"",IF($G14>=100-0.0001,SUMIFS('3. Sample Data'!$Z$6:$Z$205,'3. Sample Data'!$A$6:$A$205,$A14),IF($G14>50,"partial — to "&TEXT($G14,"0.0")&" cm","not reached")))
A15: =IF('2. Plot & Core Log'!$B$16="","",'2. Plot & Core Log'!$B$16) | B15: =IF($A15="","",IF('2. Plot & Core Log'!$A$16="","",'2. Plot & Core Log'!$A$16)) | C15: =IF($A15="","",IF('2. Plot & Core Log'!$P$16="","",'2. Plot & Core Log'!$P$16)) | D15: =IF($A15="","",COUNTIFS('3. Sample Data'!$A$6:$A$205,$A15)) | E15: =IF($A15="","",COUNTIFS('3. Sample Data'!$A$6:$A$205,$A15,'3. Sample Data'!$AA$6:$AA$205,"OK")) | F15: =IF(OR($A15="",$D15=0),"",_xlfn.MAXIFS('3. Sample Data'!$D$6:$D$205,'3. Sample Data'!$A$6:$A$205,$A15)) | G15: =IF(OR($A15="",$D15=0),"",IFERROR(_xlfn.MAXIFS('3. Sample Data'!$J$6:$J$205,'3. Sample Data'!$A$6:$A$205,$A15),"")) | H15: =IF($A15="","",IF($D15=0,"No slices entered",IF(AND('2. Plot & Core Log'!$O$16<>"OK",LEFT('2. Plot & Core Log'!$O$16,7)<>"ASSUMED"),'2. Plot & Core Log'!$O$16&" (Sheet 2)",IF($E15<$D15,"Not complete — see Slice check on Sheet 3","Complete")))) | I15: =IF(OR($A15="",$H15<>"Complete"),"",SUMIFS('3. Sample Data'!$M$6:$M$205,'3. Sample Data'!$A$6:$A$205,$A15)/(PI()*(INDEX('2. Plot & Core Log'!$S$6:$S$35,MATCH($A15,'2. Plot & Core Log'!$B$6:$B$35,0))/2)^2*SUMIFS('3. Sample Data'!$F$6:$F$205,'3. Sample Data'!$A$6:$A$205,$A15))) | J15: =IF(OR($A15="",$H15<>"Complete"),"",100*SUMIFS('3. Sample Data'!$U$6:$U$205,'3. Sample Data'!$A$6:$A$205,$A15)/(SUMIFS('3. Sample Data'!$M$6:$M$205,'3. Sample Data'!$A$6:$A$205,$A15)/(PI()*(INDEX('2. Plot & Core Log'!$S$6:$S$35,MATCH($A15,'2. Plot & Core Log'!$B$6:$B$35,0))/2)^2))) | K15: =IF(OR($A15="",$H15<>"Complete"),"",SUMIFS('3. Sample Data'!$V$6:$V$205,'3. Sample Data'!$A$6:$A$205,$A15)) | L15: =IF($K15="","",$K15*10) | M15: =IF(OR($A15="",$H15<>"Complete"),"",IF($G15>=15-0.0001,SUMIFS('3. Sample Data'!$W$6:$W$205,'3. Sample Data'!$A$6:$A$205,$A15),IF($G15>0,"partial — to "&TEXT($G15,"0.0")&" cm","not reached"))) | N15: =IF(OR($A15="",$H15<>"Complete"),"",IF($G15>=30-0.0001,SUMIFS('3. Sample Data'!$X$6:$X$205,'3. Sample Data'!$A$6:$A$205,$A15),IF($G15>15,"partial — to "&TEXT($G15,"0.0")&" cm","not reached"))) | O15: =IF(OR($A15="",$H15<>"Complete"),"",IF($G15>=50-0.0001,SUMIFS('3. Sample Data'!$Y$6:$Y$205,'3. Sample Data'!$A$6:$A$205,$A15),IF($G15>30,"partial — to "&TEXT($G15,"0.0")&" cm","not reached"))) | P15: =IF(OR($A15="",$H15<>"Complete"),"",IF($G15>=100-0.0001,SUMIFS('3. Sample Data'!$Z$6:$Z$205,'3. Sample Data'!$A$6:$A$205,$A15),IF($G15>50,"partial — to "&TEXT($G15,"0.0")&" cm","not reached")))
A16: =IF('2. Plot & Core Log'!$B$17="","",'2. Plot & Core Log'!$B$17) | B16: =IF($A16="","",IF('2. Plot & Core Log'!$A$17="","",'2. Plot & Core Log'!$A$17)) | C16: =IF($A16="","",IF('2. Plot & Core Log'!$P$17="","",'2. Plot & Core Log'!$P$17)) | D16: =IF($A16="","",COUNTIFS('3. Sample Data'!$A$6:$A$205,$A16)) | E16: =IF($A16="","",COUNTIFS('3. Sample Data'!$A$6:$A$205,$A16,'3. Sample Data'!$AA$6:$AA$205,"OK")) | F16: =IF(OR($A16="",$D16=0),"",_xlfn.MAXIFS('3. Sample Data'!$D$6:$D$205,'3. Sample Data'!$A$6:$A$205,$A16)) | G16: =IF(OR($A16="",$D16=0),"",IFERROR(_xlfn.MAXIFS('3. Sample Data'!$J$6:$J$205,'3. Sample Data'!$A$6:$A$205,$A16),"")) | H16: =IF($A16="","",IF($D16=0,"No slices entered",IF(AND('2. Plot & Core Log'!$O$17<>"OK",LEFT('2. Plot & Core Log'!$O$17,7)<>"ASSUMED"),'2. Plot & Core Log'!$O$17&" (Sheet 2)",IF($E16<$D16,"Not complete — see Slice check on Sheet 3","Complete")))) | I16: =IF(OR($A16="",$H16<>"Complete"),"",SUMIFS('3. Sample Data'!$M$6:$M$205,'3. Sample Data'!$A$6:$A$205,$A16)/(PI()*(INDEX('2. Plot & Core Log'!$S$6:$S$35,MATCH($A16,'2. Plot & Core Log'!$B$6:$B$35,0))/2)^2*SUMIFS('3. Sample Data'!$F$6:$F$205,'3. Sample Data'!$A$6:$A$205,$A16))) | J16: =IF(OR($A16="",$H16<>"Complete"),"",100*SUMIFS('3. Sample Data'!$U$6:$U$205,'3. Sample Data'!$A$6:$A$205,$A16)/(SUMIFS('3. Sample Data'!$M$6:$M$205,'3. Sample Data'!$A$6:$A$205,$A16)/(PI()*(INDEX('2. Plot & Core Log'!$S$6:$S$35,MATCH($A16,'2. Plot & Core Log'!$B$6:$B$35,0))/2)^2))) | K16: =IF(OR($A16="",$H16<>"Complete"),"",SUMIFS('3. Sample Data'!$V$6:$V$205,'3. Sample Data'!$A$6:$A$205,$A16)) | L16: =IF($K16="","",$K16*10) | M16: =IF(OR($A16="",$H16<>"Complete"),"",IF($G16>=15-0.0001,SUMIFS('3. Sample Data'!$W$6:$W$205,'3. Sample Data'!$A$6:$A$205,$A16),IF($G16>0,"partial — to "&TEXT($G16,"0.0")&" cm","not reached"))) | N16: =IF(OR($A16="",$H16<>"Complete"),"",IF($G16>=30-0.0001,SUMIFS('3. Sample Data'!$X$6:$X$205,'3. Sample Data'!$A$6:$A$205,$A16),IF($G16>15,"partial — to "&TEXT($G16,"0.0")&" cm","not reached"))) | O16: =IF(OR($A16="",$H16<>"Complete"),"",IF($G16>=50-0.0001,SUMIFS('3. Sample Data'!$Y$6:$Y$205,'3. Sample Data'!$A$6:$A$205,$A16),IF($G16>30,"partial — to "&TEXT($G16,"0.0")&" cm","not reached"))) | P16: =IF(OR($A16="",$H16<>"Complete"),"",IF($G16>=100-0.0001,SUMIFS('3. Sample Data'!$Z$6:$Z$205,'3. Sample Data'!$A$6:$A$205,$A16),IF($G16>50,"partial — to "&TEXT($G16,"0.0")&" cm","not reached")))
A17: =IF('2. Plot & Core Log'!$B$18="","",'2. Plot & Core Log'!$B$18) | B17: =IF($A17="","",IF('2. Plot & Core Log'!$A$18="","",'2. Plot & Core Log'!$A$18)) | C17: =IF($A17="","",IF('2. Plot & Core Log'!$P$18="","",'2. Plot & Core Log'!$P$18)) | D17: =IF($A17="","",COUNTIFS('3. Sample Data'!$A$6:$A$205,$A17)) | E17: =IF($A17="","",COUNTIFS('3. Sample Data'!$A$6:$A$205,$A17,'3. Sample Data'!$AA$6:$AA$205,"OK")) | F17: =IF(OR($A17="",$D17=0),"",_xlfn.MAXIFS('3. Sample Data'!$D$6:$D$205,'3. Sample Data'!$A$6:$A$205,$A17)) | G17: =IF(OR($A17="",$D17=0),"",IFERROR(_xlfn.MAXIFS('3. Sample Data'!$J$6:$J$205,'3. Sample Data'!$A$6:$A$205,$A17),"")) | H17: =IF($A17="","",IF($D17=0,"No slices entered",IF(AND('2. Plot & Core Log'!$O$18<>"OK",LEFT('2. Plot & Core Log'!$O$18,7)<>"ASSUMED"),'2. Plot & Core Log'!$O$18&" (Sheet 2)",IF($E17<$D17,"Not complete — see Slice check on Sheet 3","Complete")))) | I17: =IF(OR($A17="",$H17<>"Complete"),"",SUMIFS('3. Sample Data'!$M$6:$M$205,'3. Sample Data'!$A$6:$A$205,$A17)/(PI()*(INDEX('2. Plot & Core Log'!$S$6:$S$35,MATCH($A17,'2. Plot & Core Log'!$B$6:$B$35,0))/2)^2*SUMIFS('3. Sample Data'!$F$6:$F$205,'3. Sample Data'!$A$6:$A$205,$A17))) | J17: =IF(OR($A17="",$H17<>"Complete"),"",100*SUMIFS('3. Sample Data'!$U$6:$U$205,'3. Sample Data'!$A$6:$A$205,$A17)/(SUMIFS('3. Sample Data'!$M$6:$M$205,'3. Sample Data'!$A$6:$A$205,$A17)/(PI()*(INDEX('2. Plot & Core Log'!$S$6:$S$35,MATCH($A17,'2. Plot & Core Log'!$B$6:$B$35,0))/2)^2))) | K17: =IF(OR($A17="",$H17<>"Complete"),"",SUMIFS('3. Sample Data'!$V$6:$V$205,'3. Sample Data'!$A$6:$A$205,$A17)) | L17: =IF($K17="","",$K17*10) | M17: =IF(OR($A17="",$H17<>"Complete"),"",IF($G17>=15-0.0001,SUMIFS('3. Sample Data'!$W$6:$W$205,'3. Sample Data'!$A$6:$A$205,$A17),IF($G17>0,"partial — to "&TEXT($G17,"0.0")&" cm","not reached"))) | N17: =IF(OR($A17="",$H17<>"Complete"),"",IF($G17>=30-0.0001,SUMIFS('3. Sample Data'!$X$6:$X$205,'3. Sample Data'!$A$6:$A$205,$A17),IF($G17>15,"partial — to "&TEXT($G17,"0.0")&" cm","not reached"))) | O17: =IF(OR($A17="",$H17<>"Complete"),"",IF($G17>=50-0.0001,SUMIFS('3. Sample Data'!$Y$6:$Y$205,'3. Sample Data'!$A$6:$A$205,$A17),IF($G17>30,"partial — to "&TEXT($G17,"0.0")&" cm","not reached"))) | P17: =IF(OR($A17="",$H17<>"Complete"),"",IF($G17>=100-0.0001,SUMIFS('3. Sample Data'!$Z$6:$Z$205,'3. Sample Data'!$A$6:$A$205,$A17),IF($G17>50,"partial — to "&TEXT($G17,"0.0")&" cm","not reached")))
A18: =IF('2. Plot & Core Log'!$B$19="","",'2. Plot & Core Log'!$B$19) | B18: =IF($A18="","",IF('2. Plot & Core Log'!$A$19="","",'2. Plot & Core Log'!$A$19)) | C18: =IF($A18="","",IF('2. Plot & Core Log'!$P$19="","",'2. Plot & Core Log'!$P$19)) | D18: =IF($A18="","",COUNTIFS('3. Sample Data'!$A$6:$A$205,$A18)) | E18: =IF($A18="","",COUNTIFS('3. Sample Data'!$A$6:$A$205,$A18,'3. Sample Data'!$AA$6:$AA$205,"OK")) | F18: =IF(OR($A18="",$D18=0),"",_xlfn.MAXIFS('3. Sample Data'!$D$6:$D$205,'3. Sample Data'!$A$6:$A$205,$A18)) | G18: =IF(OR($A18="",$D18=0),"",IFERROR(_xlfn.MAXIFS('3. Sample Data'!$J$6:$J$205,'3. Sample Data'!$A$6:$A$205,$A18),"")) | H18: =IF($A18="","",IF($D18=0,"No slices entered",IF(AND('2. Plot & Core Log'!$O$19<>"OK",LEFT('2. Plot & Core Log'!$O$19,7)<>"ASSUMED"),'2. Plot & Core Log'!$O$19&" (Sheet 2)",IF($E18<$D18,"Not complete — see Slice check on Sheet 3","Complete")))) | I18: =IF(OR($A18="",$H18<>"Complete"),"",SUMIFS('3. Sample Data'!$M$6:$M$205,'3. Sample Data'!$A$6:$A$205,$A18)/(PI()*(INDEX('2. Plot & Core Log'!$S$6:$S$35,MATCH($A18,'2. Plot & Core Log'!$B$6:$B$35,0))/2)^2*SUMIFS('3. Sample Data'!$F$6:$F$205,'3. Sample Data'!$A$6:$A$205,$A18))) | J18: =IF(OR($A18="",$H18<>"Complete"),"",100*SUMIFS('3. Sample Data'!$U$6:$U$205,'3. Sample Data'!$A$6:$A$205,$A18)/(SUMIFS('3. Sample Data'!$M$6:$M$205,'3. Sample Data'!$A$6:$A$205,$A18)/(PI()*(INDEX('2. Plot & Core Log'!$S$6:$S$35,MATCH($A18,'2. Plot & Core Log'!$B$6:$B$35,0))/2)^2))) | K18: =IF(OR($A18="",$H18<>"Complete"),"",SUMIFS('3. Sample Data'!$V$6:$V$205,'3. Sample Data'!$A$6:$A$205,$A18)) | L18: =IF($K18="","",$K18*10) | M18: =IF(OR($A18="",$H18<>"Complete"),"",IF($G18>=15-0.0001,SUMIFS('3. Sample Data'!$W$6:$W$205,'3. Sample Data'!$A$6:$A$205,$A18),IF($G18>0,"partial — to "&TEXT($G18,"0.0")&" cm","not reached"))) | N18: =IF(OR($A18="",$H18<>"Complete"),"",IF($G18>=30-0.0001,SUMIFS('3. Sample Data'!$X$6:$X$205,'3. Sample Data'!$A$6:$A$205,$A18),IF($G18>15,"partial — to "&TEXT($G18,"0.0")&" cm","not reached"))) | O18: =IF(OR($A18="",$H18<>"Complete"),"",IF($G18>=50-0.0001,SUMIFS('3. Sample Data'!$Y$6:$Y$205,'3. Sample Data'!$A$6:$A$205,$A18),IF($G18>30,"partial — to "&TEXT($G18,"0.0")&" cm","not reached"))) | P18: =IF(OR($A18="",$H18<>"Complete"),"",IF($G18>=100-0.0001,SUMIFS('3. Sample Data'!$Z$6:$Z$205,'3. Sample Data'!$A$6:$A$205,$A18),IF($G18>50,"partial — to "&TEXT($G18,"0.0")&" cm","not reached")))
A19: =IF('2. Plot & Core Log'!$B$20="","",'2. Plot & Core Log'!$B$20) | B19: =IF($A19="","",IF('2. Plot & Core Log'!$A$20="","",'2. Plot & Core Log'!$A$20)) | C19: =IF($A19="","",IF('2. Plot & Core Log'!$P$20="","",'2. Plot & Core Log'!$P$20)) | D19: =IF($A19="","",COUNTIFS('3. Sample Data'!$A$6:$A$205,$A19)) | E19: =IF($A19="","",COUNTIFS('3. Sample Data'!$A$6:$A$205,$A19,'3. Sample Data'!$AA$6:$AA$205,"OK")) | F19: =IF(OR($A19="",$D19=0),"",_xlfn.MAXIFS('3. Sample Data'!$D$6:$D$205,'3. Sample Data'!$A$6:$A$205,$A19)) | G19: =IF(OR($A19="",$D19=0),"",IFERROR(_xlfn.MAXIFS('3. Sample Data'!$J$6:$J$205,'3. Sample Data'!$A$6:$A$205,$A19),"")) | H19: =IF($A19="","",IF($D19=0,"No slices entered",IF(AND('2. Plot & Core Log'!$O$20<>"OK",LEFT('2. Plot & Core Log'!$O$20,7)<>"ASSUMED"),'2. Plot & Core Log'!$O$20&" (Sheet 2)",IF($E19<$D19,"Not complete — see Slice check on Sheet 3","Complete")))) | I19: =IF(OR($A19="",$H19<>"Complete"),"",SUMIFS('3. Sample Data'!$M$6:$M$205,'3. Sample Data'!$A$6:$A$205,$A19)/(PI()*(INDEX('2. Plot & Core Log'!$S$6:$S$35,MATCH($A19,'2. Plot & Core Log'!$B$6:$B$35,0))/2)^2*SUMIFS('3. Sample Data'!$F$6:$F$205,'3. Sample Data'!$A$6:$A$205,$A19))) | J19: =IF(OR($A19="",$H19<>"Complete"),"",100*SUMIFS('3. Sample Data'!$U$6:$U$205,'3. Sample Data'!$A$6:$A$205,$A19)/(SUMIFS('3. Sample Data'!$M$6:$M$205,'3. Sample Data'!$A$6:$A$205,$A19)/(PI()*(INDEX('2. Plot & Core Log'!$S$6:$S$35,MATCH($A19,'2. Plot & Core Log'!$B$6:$B$35,0))/2)^2))) | K19: =IF(OR($A19="",$H19<>"Complete"),"",SUMIFS('3. Sample Data'!$V$6:$V$205,'3. Sample Data'!$A$6:$A$205,$A19)) | L19: =IF($K19="","",$K19*10) | M19: =IF(OR($A19="",$H19<>"Complete"),"",IF($G19>=15-0.0001,SUMIFS('3. Sample Data'!$W$6:$W$205,'3. Sample Data'!$A$6:$A$205,$A19),IF($G19>0,"partial — to "&TEXT($G19,"0.0")&" cm","not reached"))) | N19: =IF(OR($A19="",$H19<>"Complete"),"",IF($G19>=30-0.0001,SUMIFS('3. Sample Data'!$X$6:$X$205,'3. Sample Data'!$A$6:$A$205,$A19),IF($G19>15,"partial — to "&TEXT($G19,"0.0")&" cm","not reached"))) | O19: =IF(OR($A19="",$H19<>"Complete"),"",IF($G19>=50-0.0001,SUMIFS('3. Sample Data'!$Y$6:$Y$205,'3. Sample Data'!$A$6:$A$205,$A19),IF($G19>30,"partial — to "&TEXT($G19,"0.0")&" cm","not reached"))) | P19: =IF(OR($A19="",$H19<>"Complete"),"",IF($G19>=100-0.0001,SUMIFS('3. Sample Data'!$Z$6:$Z$205,'3. Sample Data'!$A$6:$A$205,$A19),IF($G19>50,"partial — to "&TEXT($G19,"0.0")&" cm","not reached")))
A20: =IF('2. Plot & Core Log'!$B$21="","",'2. Plot & Core Log'!$B$21) | B20: =IF($A20="","",IF('2. Plot & Core Log'!$A$21="","",'2. Plot & Core Log'!$A$21)) | C20: =IF($A20="","",IF('2. Plot & Core Log'!$P$21="","",'2. Plot & Core Log'!$P$21)) | D20: =IF($A20="","",COUNTIFS('3. Sample Data'!$A$6:$A$205,$A20)) | E20: =IF($A20="","",COUNTIFS('3. Sample Data'!$A$6:$A$205,$A20,'3. Sample Data'!$AA$6:$AA$205,"OK")) | F20: =IF(OR($A20="",$D20=0),"",_xlfn.MAXIFS('3. Sample Data'!$D$6:$D$205,'3. Sample Data'!$A$6:$A$205,$A20)) | G20: =IF(OR($A20="",$D20=0),"",IFERROR(_xlfn.MAXIFS('3. Sample Data'!$J$6:$J$205,'3. Sample Data'!$A$6:$A$205,$A20),"")) | H20: =IF($A20="","",IF($D20=0,"No slices entered",IF(AND('2. Plot & Core Log'!$O$21<>"OK",LEFT('2. Plot & Core Log'!$O$21,7)<>"ASSUMED"),'2. Plot & Core Log'!$O$21&" (Sheet 2)",IF($E20<$D20,"Not complete — see Slice check on Sheet 3","Complete")))) | I20: =IF(OR($A20="",$H20<>"Complete"),"",SUMIFS('3. Sample Data'!$M$6:$M$205,'3. Sample Data'!$A$6:$A$205,$A20)/(PI()*(INDEX('2. Plot & Core Log'!$S$6:$S$35,MATCH($A20,'2. Plot & Core Log'!$B$6:$B$35,0))/2)^2*SUMIFS('3. Sample Data'!$F$6:$F$205,'3. Sample Data'!$A$6:$A$205,$A20))) | J20: =IF(OR($A20="",$H20<>"Complete"),"",100*SUMIFS('3. Sample Data'!$U$6:$U$205,'3. Sample Data'!$A$6:$A$205,$A20)/(SUMIFS('3. Sample Data'!$M$6:$M$205,'3. Sample Data'!$A$6:$A$205,$A20)/(PI()*(INDEX('2. Plot & Core Log'!$S$6:$S$35,MATCH($A20,'2. Plot & Core Log'!$B$6:$B$35,0))/2)^2))) | K20: =IF(OR($A20="",$H20<>"Complete"),"",SUMIFS('3. Sample Data'!$V$6:$V$205,'3. Sample Data'!$A$6:$A$205,$A20)) | L20: =IF($K20="","",$K20*10) | M20: =IF(OR($A20="",$H20<>"Complete"),"",IF($G20>=15-0.0001,SUMIFS('3. Sample Data'!$W$6:$W$205,'3. Sample Data'!$A$6:$A$205,$A20),IF($G20>0,"partial — to "&TEXT($G20,"0.0")&" cm","not reached"))) | N20: =IF(OR($A20="",$H20<>"Complete"),"",IF($G20>=30-0.0001,SUMIFS('3. Sample Data'!$X$6:$X$205,'3. Sample Data'!$A$6:$A$205,$A20),IF($G20>15,"partial — to "&TEXT($G20,"0.0")&" cm","not reached"))) | O20: =IF(OR($A20="",$H20<>"Complete"),"",IF($G20>=50-0.0001,SUMIFS('3. Sample Data'!$Y$6:$Y$205,'3. Sample Data'!$A$6:$A$205,$A20),IF($G20>30,"partial — to "&TEXT($G20,"0.0")&" cm","not reached"))) | P20: =IF(OR($A20="",$H20<>"Complete"),"",IF($G20>=100-0.0001,SUMIFS('3. Sample Data'!$Z$6:$Z$205,'3. Sample Data'!$A$6:$A$205,$A20),IF($G20>50,"partial — to "&TEXT($G20,"0.0")&" cm","not reached")))
A21: =IF('2. Plot & Core Log'!$B$22="","",'2. Plot & Core Log'!$B$22) | B21: =IF($A21="","",IF('2. Plot & Core Log'!$A$22="","",'2. Plot & Core Log'!$A$22)) | C21: =IF($A21="","",IF('2. Plot & Core Log'!$P$22="","",'2. Plot & Core Log'!$P$22)) | D21: =IF($A21="","",COUNTIFS('3. Sample Data'!$A$6:$A$205,$A21)) | E21: =IF($A21="","",COUNTIFS('3. Sample Data'!$A$6:$A$205,$A21,'3. Sample Data'!$AA$6:$AA$205,"OK")) | F21: =IF(OR($A21="",$D21=0),"",_xlfn.MAXIFS('3. Sample Data'!$D$6:$D$205,'3. Sample Data'!$A$6:$A$205,$A21)) | G21: =IF(OR($A21="",$D21=0),"",IFERROR(_xlfn.MAXIFS('3. Sample Data'!$J$6:$J$205,'3. Sample Data'!$A$6:$A$205,$A21),"")) | H21: =IF($A21="","",IF($D21=0,"No slices entered",IF(AND('2. Plot & Core Log'!$O$22<>"OK",LEFT('2. Plot & Core Log'!$O$22,7)<>"ASSUMED"),'2. Plot & Core Log'!$O$22&" (Sheet 2)",IF($E21<$D21,"Not complete — see Slice check on Sheet 3","Complete")))) | I21: =IF(OR($A21="",$H21<>"Complete"),"",SUMIFS('3. Sample Data'!$M$6:$M$205,'3. Sample Data'!$A$6:$A$205,$A21)/(PI()*(INDEX('2. Plot & Core Log'!$S$6:$S$35,MATCH($A21,'2. Plot & Core Log'!$B$6:$B$35,0))/2)^2*SUMIFS('3. Sample Data'!$F$6:$F$205,'3. Sample Data'!$A$6:$A$205,$A21))) | J21: =IF(OR($A21="",$H21<>"Complete"),"",100*SUMIFS('3. Sample Data'!$U$6:$U$205,'3. Sample Data'!$A$6:$A$205,$A21)/(SUMIFS('3. Sample Data'!$M$6:$M$205,'3. Sample Data'!$A$6:$A$205,$A21)/(PI()*(INDEX('2. Plot & Core Log'!$S$6:$S$35,MATCH($A21,'2. Plot & Core Log'!$B$6:$B$35,0))/2)^2))) | K21: =IF(OR($A21="",$H21<>"Complete"),"",SUMIFS('3. Sample Data'!$V$6:$V$205,'3. Sample Data'!$A$6:$A$205,$A21)) | L21: =IF($K21="","",$K21*10) | M21: =IF(OR($A21="",$H21<>"Complete"),"",IF($G21>=15-0.0001,SUMIFS('3. Sample Data'!$W$6:$W$205,'3. Sample Data'!$A$6:$A$205,$A21),IF($G21>0,"partial — to "&TEXT($G21,"0.0")&" cm","not reached"))) | N21: =IF(OR($A21="",$H21<>"Complete"),"",IF($G21>=30-0.0001,SUMIFS('3. Sample Data'!$X$6:$X$205,'3. Sample Data'!$A$6:$A$205,$A21),IF($G21>15,"partial — to "&TEXT($G21,"0.0")&" cm","not reached"))) | O21: =IF(OR($A21="",$H21<>"Complete"),"",IF($G21>=50-0.0001,SUMIFS('3. Sample Data'!$Y$6:$Y$205,'3. Sample Data'!$A$6:$A$205,$A21),IF($G21>30,"partial — to "&TEXT($G21,"0.0")&" cm","not reached"))) | P21: =IF(OR($A21="",$H21<>"Complete"),"",IF($G21>=100-0.0001,SUMIFS('3. Sample Data'!$Z$6:$Z$205,'3. Sample Data'!$A$6:$A$205,$A21),IF($G21>50,"partial — to "&TEXT($G21,"0.0")&" cm","not reached")))
A22: =IF('2. Plot & Core Log'!$B$23="","",'2. Plot & Core Log'!$B$23) | B22: =IF($A22="","",IF('2. Plot & Core Log'!$A$23="","",'2. Plot & Core Log'!$A$23)) | C22: =IF($A22="","",IF('2. Plot & Core Log'!$P$23="","",'2. Plot & Core Log'!$P$23)) | D22: =IF($A22="","",COUNTIFS('3. Sample Data'!$A$6:$A$205,$A22)) | E22: =IF($A22="","",COUNTIFS('3. Sample Data'!$A$6:$A$205,$A22,'3. Sample Data'!$AA$6:$AA$205,"OK")) | F22: =IF(OR($A22="",$D22=0),"",_xlfn.MAXIFS('3. Sample Data'!$D$6:$D$205,'3. Sample Data'!$A$6:$A$205,$A22)) | G22: =IF(OR($A22="",$D22=0),"",IFERROR(_xlfn.MAXIFS('3. Sample Data'!$J$6:$J$205,'3. Sample Data'!$A$6:$A$205,$A22),"")) | H22: =IF($A22="","",IF($D22=0,"No slices entered",IF(AND('2. Plot & Core Log'!$O$23<>"OK",LEFT('2. Plot & Core Log'!$O$23,7)<>"ASSUMED"),'2. Plot & Core Log'!$O$23&" (Sheet 2)",IF($E22<$D22,"Not complete — see Slice check on Sheet 3","Complete")))) | I22: =IF(OR($A22="",$H22<>"Complete"),"",SUMIFS('3. Sample Data'!$M$6:$M$205,'3. Sample Data'!$A$6:$A$205,$A22)/(PI()*(INDEX('2. Plot & Core Log'!$S$6:$S$35,MATCH($A22,'2. Plot & Core Log'!$B$6:$B$35,0))/2)^2*SUMIFS('3. Sample Data'!$F$6:$F$205,'3. Sample Data'!$A$6:$A$205,$A22))) | J22: =IF(OR($A22="",$H22<>"Complete"),"",100*SUMIFS('3. Sample Data'!$U$6:$U$205,'3. Sample Data'!$A$6:$A$205,$A22)/(SUMIFS('3. Sample Data'!$M$6:$M$205,'3. Sample Data'!$A$6:$A$205,$A22)/(PI()*(INDEX('2. Plot & Core Log'!$S$6:$S$35,MATCH($A22,'2. Plot & Core Log'!$B$6:$B$35,0))/2)^2))) | K22: =IF(OR($A22="",$H22<>"Complete"),"",SUMIFS('3. Sample Data'!$V$6:$V$205,'3. Sample Data'!$A$6:$A$205,$A22)) | L22: =IF($K22="","",$K22*10) | M22: =IF(OR($A22="",$H22<>"Complete"),"",IF($G22>=15-0.0001,SUMIFS('3. Sample Data'!$W$6:$W$205,'3. Sample Data'!$A$6:$A$205,$A22),IF($G22>0,"partial — to "&TEXT($G22,"0.0")&" cm","not reached"))) | N22: =IF(OR($A22="",$H22<>"Complete"),"",IF($G22>=30-0.0001,SUMIFS('3. Sample Data'!$X$6:$X$205,'3. Sample Data'!$A$6:$A$205,$A22),IF($G22>15,"partial — to "&TEXT($G22,"0.0")&" cm","not reached"))) | O22: =IF(OR($A22="",$H22<>"Complete"),"",IF($G22>=50-0.0001,SUMIFS('3. Sample Data'!$Y$6:$Y$205,'3. Sample Data'!$A$6:$A$205,$A22),IF($G22>30,"partial — to "&TEXT($G22,"0.0")&" cm","not reached"))) | P22: =IF(OR($A22="",$H22<>"Complete"),"",IF($G22>=100-0.0001,SUMIFS('3. Sample Data'!$Z$6:$Z$205,'3. Sample Data'!$A$6:$A$205,$A22),IF($G22>50,"partial — to "&TEXT($G22,"0.0")&" cm","not reached")))
A23: =IF('2. Plot & Core Log'!$B$24="","",'2. Plot & Core Log'!$B$24) | B23: =IF($A23="","",IF('2. Plot & Core Log'!$A$24="","",'2. Plot & Core Log'!$A$24)) | C23: =IF($A23="","",IF('2. Plot & Core Log'!$P$24="","",'2. Plot & Core Log'!$P$24)) | D23: =IF($A23="","",COUNTIFS('3. Sample Data'!$A$6:$A$205,$A23)) | E23: =IF($A23="","",COUNTIFS('3. Sample Data'!$A$6:$A$205,$A23,'3. Sample Data'!$AA$6:$AA$205,"OK")) | F23: =IF(OR($A23="",$D23=0),"",_xlfn.MAXIFS('3. Sample Data'!$D$6:$D$205,'3. Sample Data'!$A$6:$A$205,$A23)) | G23: =IF(OR($A23="",$D23=0),"",IFERROR(_xlfn.MAXIFS('3. Sample Data'!$J$6:$J$205,'3. Sample Data'!$A$6:$A$205,$A23),"")) | H23: =IF($A23="","",IF($D23=0,"No slices entered",IF(AND('2. Plot & Core Log'!$O$24<>"OK",LEFT('2. Plot & Core Log'!$O$24,7)<>"ASSUMED"),'2. Plot & Core Log'!$O$24&" (Sheet 2)",IF($E23<$D23,"Not complete — see Slice check on Sheet 3","Complete")))) | I23: =IF(OR($A23="",$H23<>"Complete"),"",SUMIFS('3. Sample Data'!$M$6:$M$205,'3. Sample Data'!$A$6:$A$205,$A23)/(PI()*(INDEX('2. Plot & Core Log'!$S$6:$S$35,MATCH($A23,'2. Plot & Core Log'!$B$6:$B$35,0))/2)^2*SUMIFS('3. Sample Data'!$F$6:$F$205,'3. Sample Data'!$A$6:$A$205,$A23))) | J23: =IF(OR($A23="",$H23<>"Complete"),"",100*SUMIFS('3. Sample Data'!$U$6:$U$205,'3. Sample Data'!$A$6:$A$205,$A23)/(SUMIFS('3. Sample Data'!$M$6:$M$205,'3. Sample Data'!$A$6:$A$205,$A23)/(PI()*(INDEX('2. Plot & Core Log'!$S$6:$S$35,MATCH($A23,'2. Plot & Core Log'!$B$6:$B$35,0))/2)^2))) | K23: =IF(OR($A23="",$H23<>"Complete"),"",SUMIFS('3. Sample Data'!$V$6:$V$205,'3. Sample Data'!$A$6:$A$205,$A23)) | L23: =IF($K23="","",$K23*10) | M23: =IF(OR($A23="",$H23<>"Complete"),"",IF($G23>=15-0.0001,SUMIFS('3. Sample Data'!$W$6:$W$205,'3. Sample Data'!$A$6:$A$205,$A23),IF($G23>0,"partial — to "&TEXT($G23,"0.0")&" cm","not reached"))) | N23: =IF(OR($A23="",$H23<>"Complete"),"",IF($G23>=30-0.0001,SUMIFS('3. Sample Data'!$X$6:$X$205,'3. Sample Data'!$A$6:$A$205,$A23),IF($G23>15,"partial — to "&TEXT($G23,"0.0")&" cm","not reached"))) | O23: =IF(OR($A23="",$H23<>"Complete"),"",IF($G23>=50-0.0001,SUMIFS('3. Sample Data'!$Y$6:$Y$205,'3. Sample Data'!$A$6:$A$205,$A23),IF($G23>30,"partial — to "&TEXT($G23,"0.0")&" cm","not reached"))) | P23: =IF(OR($A23="",$H23<>"Complete"),"",IF($G23>=100-0.0001,SUMIFS('3. Sample Data'!$Z$6:$Z$205,'3. Sample Data'!$A$6:$A$205,$A23),IF($G23>50,"partial — to "&TEXT($G23,"0.0")&" cm","not reached")))
A24: =IF('2. Plot & Core Log'!$B$25="","",'2. Plot & Core Log'!$B$25) | B24: =IF($A24="","",IF('2. Plot & Core Log'!$A$25="","",'2. Plot & Core Log'!$A$25)) | C24: =IF($A24="","",IF('2. Plot & Core Log'!$P$25="","",'2. Plot & Core Log'!$P$25)) | D24: =IF($A24="","",COUNTIFS('3. Sample Data'!$A$6:$A$205,$A24)) | E24: =IF($A24="","",COUNTIFS('3. Sample Data'!$A$6:$A$205,$A24,'3. Sample Data'!$AA$6:$AA$205,"OK")) | F24: =IF(OR($A24="",$D24=0),"",_xlfn.MAXIFS('3. Sample Data'!$D$6:$D$205,'3. Sample Data'!$A$6:$A$205,$A24)) | G24: =IF(OR($A24="",$D24=0),"",IFERROR(_xlfn.MAXIFS('3. Sample Data'!$J$6:$J$205,'3. Sample Data'!$A$6:$A$205,$A24),"")) | H24: =IF($A24="","",IF($D24=0,"No slices entered",IF(AND('2. Plot & Core Log'!$O$25<>"OK",LEFT('2. Plot & Core Log'!$O$25,7)<>"ASSUMED"),'2. Plot & Core Log'!$O$25&" (Sheet 2)",IF($E24<$D24,"Not complete — see Slice check on Sheet 3","Complete")))) | I24: =IF(OR($A24="",$H24<>"Complete"),"",SUMIFS('3. Sample Data'!$M$6:$M$205,'3. Sample Data'!$A$6:$A$205,$A24)/(PI()*(INDEX('2. Plot & Core Log'!$S$6:$S$35,MATCH($A24,'2. Plot & Core Log'!$B$6:$B$35,0))/2)^2*SUMIFS('3. Sample Data'!$F$6:$F$205,'3. Sample Data'!$A$6:$A$205,$A24))) | J24: =IF(OR($A24="",$H24<>"Complete"),"",100*SUMIFS('3. Sample Data'!$U$6:$U$205,'3. Sample Data'!$A$6:$A$205,$A24)/(SUMIFS('3. Sample Data'!$M$6:$M$205,'3. Sample Data'!$A$6:$A$205,$A24)/(PI()*(INDEX('2. Plot & Core Log'!$S$6:$S$35,MATCH($A24,'2. Plot & Core Log'!$B$6:$B$35,0))/2)^2))) | K24: =IF(OR($A24="",$H24<>"Complete"),"",SUMIFS('3. Sample Data'!$V$6:$V$205,'3. Sample Data'!$A$6:$A$205,$A24)) | L24: =IF($K24="","",$K24*10) | M24: =IF(OR($A24="",$H24<>"Complete"),"",IF($G24>=15-0.0001,SUMIFS('3. Sample Data'!$W$6:$W$205,'3. Sample Data'!$A$6:$A$205,$A24),IF($G24>0,"partial — to "&TEXT($G24,"0.0")&" cm","not reached"))) | N24: =IF(OR($A24="",$H24<>"Complete"),"",IF($G24>=30-0.0001,SUMIFS('3. Sample Data'!$X$6:$X$205,'3. Sample Data'!$A$6:$A$205,$A24),IF($G24>15,"partial — to "&TEXT($G24,"0.0")&" cm","not reached"))) | O24: =IF(OR($A24="",$H24<>"Complete"),"",IF($G24>=50-0.0001,SUMIFS('3. Sample Data'!$Y$6:$Y$205,'3. Sample Data'!$A$6:$A$205,$A24),IF($G24>30,"partial — to "&TEXT($G24,"0.0")&" cm","not reached"))) | P24: =IF(OR($A24="",$H24<>"Complete"),"",IF($G24>=100-0.0001,SUMIFS('3. Sample Data'!$Z$6:$Z$205,'3. Sample Data'!$A$6:$A$205,$A24),IF($G24>50,"partial — to "&TEXT($G24,"0.0")&" cm","not reached")))
A25: =IF('2. Plot & Core Log'!$B$26="","",'2. Plot & Core Log'!$B$26) | B25: =IF($A25="","",IF('2. Plot & Core Log'!$A$26="","",'2. Plot & Core Log'!$A$26)) | C25: =IF($A25="","",IF('2. Plot & Core Log'!$P$26="","",'2. Plot & Core Log'!$P$26)) | D25: =IF($A25="","",COUNTIFS('3. Sample Data'!$A$6:$A$205,$A25)) | E25: =IF($A25="","",COUNTIFS('3. Sample Data'!$A$6:$A$205,$A25,'3. Sample Data'!$AA$6:$AA$205,"OK")) | F25: =IF(OR($A25="",$D25=0),"",_xlfn.MAXIFS('3. Sample Data'!$D$6:$D$205,'3. Sample Data'!$A$6:$A$205,$A25)) | G25: =IF(OR($A25="",$D25=0),"",IFERROR(_xlfn.MAXIFS('3. Sample Data'!$J$6:$J$205,'3. Sample Data'!$A$6:$A$205,$A25),"")) | H25: =IF($A25="","",IF($D25=0,"No slices entered",IF(AND('2. Plot & Core Log'!$O$26<>"OK",LEFT('2. Plot & Core Log'!$O$26,7)<>"ASSUMED"),'2. Plot & Core Log'!$O$26&" (Sheet 2)",IF($E25<$D25,"Not complete — see Slice check on Sheet 3","Complete")))) | I25: =IF(OR($A25="",$H25<>"Complete"),"",SUMIFS('3. Sample Data'!$M$6:$M$205,'3. Sample Data'!$A$6:$A$205,$A25)/(PI()*(INDEX('2. Plot & Core Log'!$S$6:$S$35,MATCH($A25,'2. Plot & Core Log'!$B$6:$B$35,0))/2)^2*SUMIFS('3. Sample Data'!$F$6:$F$205,'3. Sample Data'!$A$6:$A$205,$A25))) | J25: =IF(OR($A25="",$H25<>"Complete"),"",100*SUMIFS('3. Sample Data'!$U$6:$U$205,'3. Sample Data'!$A$6:$A$205,$A25)/(SUMIFS('3. Sample Data'!$M$6:$M$205,'3. Sample Data'!$A$6:$A$205,$A25)/(PI()*(INDEX('2. Plot & Core Log'!$S$6:$S$35,MATCH($A25,'2. Plot & Core Log'!$B$6:$B$35,0))/2)^2))) | K25: =IF(OR($A25="",$H25<>"Complete"),"",SUMIFS('3. Sample Data'!$V$6:$V$205,'3. Sample Data'!$A$6:$A$205,$A25)) | L25: =IF($K25="","",$K25*10) | M25: =IF(OR($A25="",$H25<>"Complete"),"",IF($G25>=15-0.0001,SUMIFS('3. Sample Data'!$W$6:$W$205,'3. Sample Data'!$A$6:$A$205,$A25),IF($G25>0,"partial — to "&TEXT($G25,"0.0")&" cm","not reached"))) | N25: =IF(OR($A25="",$H25<>"Complete"),"",IF($G25>=30-0.0001,SUMIFS('3. Sample Data'!$X$6:$X$205,'3. Sample Data'!$A$6:$A$205,$A25),IF($G25>15,"partial — to "&TEXT($G25,"0.0")&" cm","not reached"))) | O25: =IF(OR($A25="",$H25<>"Complete"),"",IF($G25>=50-0.0001,SUMIFS('3. Sample Data'!$Y$6:$Y$205,'3. Sample Data'!$A$6:$A$205,$A25),IF($G25>30,"partial — to "&TEXT($G25,"0.0")&" cm","not reached"))) | P25: =IF(OR($A25="",$H25<>"Complete"),"",IF($G25>=100-0.0001,SUMIFS('3. Sample Data'!$Z$6:$Z$205,'3. Sample Data'!$A$6:$A$205,$A25),IF($G25>50,"partial — to "&TEXT($G25,"0.0")&" cm","not reached")))
A26: =IF('2. Plot & Core Log'!$B$27="","",'2. Plot & Core Log'!$B$27) | B26: =IF($A26="","",IF('2. Plot & Core Log'!$A$27="","",'2. Plot & Core Log'!$A$27)) | C26: =IF($A26="","",IF('2. Plot & Core Log'!$P$27="","",'2. Plot & Core Log'!$P$27)) | D26: =IF($A26="","",COUNTIFS('3. Sample Data'!$A$6:$A$205,$A26)) | E26: =IF($A26="","",COUNTIFS('3. Sample Data'!$A$6:$A$205,$A26,'3. Sample Data'!$AA$6:$AA$205,"OK")) | F26: =IF(OR($A26="",$D26=0),"",_xlfn.MAXIFS('3. Sample Data'!$D$6:$D$205,'3. Sample Data'!$A$6:$A$205,$A26)) | G26: =IF(OR($A26="",$D26=0),"",IFERROR(_xlfn.MAXIFS('3. Sample Data'!$J$6:$J$205,'3. Sample Data'!$A$6:$A$205,$A26),"")) | H26: =IF($A26="","",IF($D26=0,"No slices entered",IF(AND('2. Plot & Core Log'!$O$27<>"OK",LEFT('2. Plot & Core Log'!$O$27,7)<>"ASSUMED"),'2. Plot & Core Log'!$O$27&" (Sheet 2)",IF($E26<$D26,"Not complete — see Slice check on Sheet 3","Complete")))) | I26: =IF(OR($A26="",$H26<>"Complete"),"",SUMIFS('3. Sample Data'!$M$6:$M$205,'3. Sample Data'!$A$6:$A$205,$A26)/(PI()*(INDEX('2. Plot & Core Log'!$S$6:$S$35,MATCH($A26,'2. Plot & Core Log'!$B$6:$B$35,0))/2)^2*SUMIFS('3. Sample Data'!$F$6:$F$205,'3. Sample Data'!$A$6:$A$205,$A26))) | J26: =IF(OR($A26="",$H26<>"Complete"),"",100*SUMIFS('3. Sample Data'!$U$6:$U$205,'3. Sample Data'!$A$6:$A$205,$A26)/(SUMIFS('3. Sample Data'!$M$6:$M$205,'3. Sample Data'!$A$6:$A$205,$A26)/(PI()*(INDEX('2. Plot & Core Log'!$S$6:$S$35,MATCH($A26,'2. Plot & Core Log'!$B$6:$B$35,0))/2)^2))) | K26: =IF(OR($A26="",$H26<>"Complete"),"",SUMIFS('3. Sample Data'!$V$6:$V$205,'3. Sample Data'!$A$6:$A$205,$A26)) | L26: =IF($K26="","",$K26*10) | M26: =IF(OR($A26="",$H26<>"Complete"),"",IF($G26>=15-0.0001,SUMIFS('3. Sample Data'!$W$6:$W$205,'3. Sample Data'!$A$6:$A$205,$A26),IF($G26>0,"partial — to "&TEXT($G26,"0.0")&" cm","not reached"))) | N26: =IF(OR($A26="",$H26<>"Complete"),"",IF($G26>=30-0.0001,SUMIFS('3. Sample Data'!$X$6:$X$205,'3. Sample Data'!$A$6:$A$205,$A26),IF($G26>15,"partial — to "&TEXT($G26,"0.0")&" cm","not reached"))) | O26: =IF(OR($A26="",$H26<>"Complete"),"",IF($G26>=50-0.0001,SUMIFS('3. Sample Data'!$Y$6:$Y$205,'3. Sample Data'!$A$6:$A$205,$A26),IF($G26>30,"partial — to "&TEXT($G26,"0.0")&" cm","not reached"))) | P26: =IF(OR($A26="",$H26<>"Complete"),"",IF($G26>=100-0.0001,SUMIFS('3. Sample Data'!$Z$6:$Z$205,'3. Sample Data'!$A$6:$A$205,$A26),IF($G26>50,"partial — to "&TEXT($G26,"0.0")&" cm","not reached")))
A27: =IF('2. Plot & Core Log'!$B$28="","",'2. Plot & Core Log'!$B$28) | B27: =IF($A27="","",IF('2. Plot & Core Log'!$A$28="","",'2. Plot & Core Log'!$A$28)) | C27: =IF($A27="","",IF('2. Plot & Core Log'!$P$28="","",'2. Plot & Core Log'!$P$28)) | D27: =IF($A27="","",COUNTIFS('3. Sample Data'!$A$6:$A$205,$A27)) | E27: =IF($A27="","",COUNTIFS('3. Sample Data'!$A$6:$A$205,$A27,'3. Sample Data'!$AA$6:$AA$205,"OK")) | F27: =IF(OR($A27="",$D27=0),"",_xlfn.MAXIFS('3. Sample Data'!$D$6:$D$205,'3. Sample Data'!$A$6:$A$205,$A27)) | G27: =IF(OR($A27="",$D27=0),"",IFERROR(_xlfn.MAXIFS('3. Sample Data'!$J$6:$J$205,'3. Sample Data'!$A$6:$A$205,$A27),"")) | H27: =IF($A27="","",IF($D27=0,"No slices entered",IF(AND('2. Plot & Core Log'!$O$28<>"OK",LEFT('2. Plot & Core Log'!$O$28,7)<>"ASSUMED"),'2. Plot & Core Log'!$O$28&" (Sheet 2)",IF($E27<$D27,"Not complete — see Slice check on Sheet 3","Complete")))) | I27: =IF(OR($A27="",$H27<>"Complete"),"",SUMIFS('3. Sample Data'!$M$6:$M$205,'3. Sample Data'!$A$6:$A$205,$A27)/(PI()*(INDEX('2. Plot & Core Log'!$S$6:$S$35,MATCH($A27,'2. Plot & Core Log'!$B$6:$B$35,0))/2)^2*SUMIFS('3. Sample Data'!$F$6:$F$205,'3. Sample Data'!$A$6:$A$205,$A27))) | J27: =IF(OR($A27="",$H27<>"Complete"),"",100*SUMIFS('3. Sample Data'!$U$6:$U$205,'3. Sample Data'!$A$6:$A$205,$A27)/(SUMIFS('3. Sample Data'!$M$6:$M$205,'3. Sample Data'!$A$6:$A$205,$A27)/(PI()*(INDEX('2. Plot & Core Log'!$S$6:$S$35,MATCH($A27,'2. Plot & Core Log'!$B$6:$B$35,0))/2)^2))) | K27: =IF(OR($A27="",$H27<>"Complete"),"",SUMIFS('3. Sample Data'!$V$6:$V$205,'3. Sample Data'!$A$6:$A$205,$A27)) | L27: =IF($K27="","",$K27*10) | M27: =IF(OR($A27="",$H27<>"Complete"),"",IF($G27>=15-0.0001,SUMIFS('3. Sample Data'!$W$6:$W$205,'3. Sample Data'!$A$6:$A$205,$A27),IF($G27>0,"partial — to "&TEXT($G27,"0.0")&" cm","not reached"))) | N27: =IF(OR($A27="",$H27<>"Complete"),"",IF($G27>=30-0.0001,SUMIFS('3. Sample Data'!$X$6:$X$205,'3. Sample Data'!$A$6:$A$205,$A27),IF($G27>15,"partial — to "&TEXT($G27,"0.0")&" cm","not reached"))) | O27: =IF(OR($A27="",$H27<>"Complete"),"",IF($G27>=50-0.0001,SUMIFS('3. Sample Data'!$Y$6:$Y$205,'3. Sample Data'!$A$6:$A$205,$A27),IF($G27>30,"partial — to "&TEXT($G27,"0.0")&" cm","not reached"))) | P27: =IF(OR($A27="",$H27<>"Complete"),"",IF($G27>=100-0.0001,SUMIFS('3. Sample Data'!$Z$6:$Z$205,'3. Sample Data'!$A$6:$A$205,$A27),IF($G27>50,"partial — to "&TEXT($G27,"0.0")&" cm","not reached")))
A28: =IF('2. Plot & Core Log'!$B$29="","",'2. Plot & Core Log'!$B$29) | B28: =IF($A28="","",IF('2. Plot & Core Log'!$A$29="","",'2. Plot & Core Log'!$A$29)) | C28: =IF($A28="","",IF('2. Plot & Core Log'!$P$29="","",'2. Plot & Core Log'!$P$29)) | D28: =IF($A28="","",COUNTIFS('3. Sample Data'!$A$6:$A$205,$A28)) | E28: =IF($A28="","",COUNTIFS('3. Sample Data'!$A$6:$A$205,$A28,'3. Sample Data'!$AA$6:$AA$205,"OK")) | F28: =IF(OR($A28="",$D28=0),"",_xlfn.MAXIFS('3. Sample Data'!$D$6:$D$205,'3. Sample Data'!$A$6:$A$205,$A28)) | G28: =IF(OR($A28="",$D28=0),"",IFERROR(_xlfn.MAXIFS('3. Sample Data'!$J$6:$J$205,'3. Sample Data'!$A$6:$A$205,$A28),"")) | H28: =IF($A28="","",IF($D28=0,"No slices entered",IF(AND('2. Plot & Core Log'!$O$29<>"OK",LEFT('2. Plot & Core Log'!$O$29,7)<>"ASSUMED"),'2. Plot & Core Log'!$O$29&" (Sheet 2)",IF($E28<$D28,"Not complete — see Slice check on Sheet 3","Complete")))) | I28: =IF(OR($A28="",$H28<>"Complete"),"",SUMIFS('3. Sample Data'!$M$6:$M$205,'3. Sample Data'!$A$6:$A$205,$A28)/(PI()*(INDEX('2. Plot & Core Log'!$S$6:$S$35,MATCH($A28,'2. Plot & Core Log'!$B$6:$B$35,0))/2)^2*SUMIFS('3. Sample Data'!$F$6:$F$205,'3. Sample Data'!$A$6:$A$205,$A28))) | J28: =IF(OR($A28="",$H28<>"Complete"),"",100*SUMIFS('3. Sample Data'!$U$6:$U$205,'3. Sample Data'!$A$6:$A$205,$A28)/(SUMIFS('3. Sample Data'!$M$6:$M$205,'3. Sample Data'!$A$6:$A$205,$A28)/(PI()*(INDEX('2. Plot & Core Log'!$S$6:$S$35,MATCH($A28,'2. Plot & Core Log'!$B$6:$B$35,0))/2)^2))) | K28: =IF(OR($A28="",$H28<>"Complete"),"",SUMIFS('3. Sample Data'!$V$6:$V$205,'3. Sample Data'!$A$6:$A$205,$A28)) | L28: =IF($K28="","",$K28*10) | M28: =IF(OR($A28="",$H28<>"Complete"),"",IF($G28>=15-0.0001,SUMIFS('3. Sample Data'!$W$6:$W$205,'3. Sample Data'!$A$6:$A$205,$A28),IF($G28>0,"partial — to "&TEXT($G28,"0.0")&" cm","not reached"))) | N28: =IF(OR($A28="",$H28<>"Complete"),"",IF($G28>=30-0.0001,SUMIFS('3. Sample Data'!$X$6:$X$205,'3. Sample Data'!$A$6:$A$205,$A28),IF($G28>15,"partial — to "&TEXT($G28,"0.0")&" cm","not reached"))) | O28: =IF(OR($A28="",$H28<>"Complete"),"",IF($G28>=50-0.0001,SUMIFS('3. Sample Data'!$Y$6:$Y$205,'3. Sample Data'!$A$6:$A$205,$A28),IF($G28>30,"partial — to "&TEXT($G28,"0.0")&" cm","not reached"))) | P28: =IF(OR($A28="",$H28<>"Complete"),"",IF($G28>=100-0.0001,SUMIFS('3. Sample Data'!$Z$6:$Z$205,'3. Sample Data'!$A$6:$A$205,$A28),IF($G28>50,"partial — to "&TEXT($G28,"0.0")&" cm","not reached")))
A29: =IF('2. Plot & Core Log'!$B$30="","",'2. Plot & Core Log'!$B$30) | B29: =IF($A29="","",IF('2. Plot & Core Log'!$A$30="","",'2. Plot & Core Log'!$A$30)) | C29: =IF($A29="","",IF('2. Plot & Core Log'!$P$30="","",'2. Plot & Core Log'!$P$30)) | D29: =IF($A29="","",COUNTIFS('3. Sample Data'!$A$6:$A$205,$A29)) | E29: =IF($A29="","",COUNTIFS('3. Sample Data'!$A$6:$A$205,$A29,'3. Sample Data'!$AA$6:$AA$205,"OK")) | F29: =IF(OR($A29="",$D29=0),"",_xlfn.MAXIFS('3. Sample Data'!$D$6:$D$205,'3. Sample Data'!$A$6:$A$205,$A29)) | G29: =IF(OR($A29="",$D29=0),"",IFERROR(_xlfn.MAXIFS('3. Sample Data'!$J$6:$J$205,'3. Sample Data'!$A$6:$A$205,$A29),"")) | H29: =IF($A29="","",IF($D29=0,"No slices entered",IF(AND('2. Plot & Core Log'!$O$30<>"OK",LEFT('2. Plot & Core Log'!$O$30,7)<>"ASSUMED"),'2. Plot & Core Log'!$O$30&" (Sheet 2)",IF($E29<$D29,"Not complete — see Slice check on Sheet 3","Complete")))) | I29: =IF(OR($A29="",$H29<>"Complete"),"",SUMIFS('3. Sample Data'!$M$6:$M$205,'3. Sample Data'!$A$6:$A$205,$A29)/(PI()*(INDEX('2. Plot & Core Log'!$S$6:$S$35,MATCH($A29,'2. Plot & Core Log'!$B$6:$B$35,0))/2)^2*SUMIFS('3. Sample Data'!$F$6:$F$205,'3. Sample Data'!$A$6:$A$205,$A29))) | J29: =IF(OR($A29="",$H29<>"Complete"),"",100*SUMIFS('3. Sample Data'!$U$6:$U$205,'3. Sample Data'!$A$6:$A$205,$A29)/(SUMIFS('3. Sample Data'!$M$6:$M$205,'3. Sample Data'!$A$6:$A$205,$A29)/(PI()*(INDEX('2. Plot & Core Log'!$S$6:$S$35,MATCH($A29,'2. Plot & Core Log'!$B$6:$B$35,0))/2)^2))) | K29: =IF(OR($A29="",$H29<>"Complete"),"",SUMIFS('3. Sample Data'!$V$6:$V$205,'3. Sample Data'!$A$6:$A$205,$A29)) | L29: =IF($K29="","",$K29*10) | M29: =IF(OR($A29="",$H29<>"Complete"),"",IF($G29>=15-0.0001,SUMIFS('3. Sample Data'!$W$6:$W$205,'3. Sample Data'!$A$6:$A$205,$A29),IF($G29>0,"partial — to "&TEXT($G29,"0.0")&" cm","not reached"))) | N29: =IF(OR($A29="",$H29<>"Complete"),"",IF($G29>=30-0.0001,SUMIFS('3. Sample Data'!$X$6:$X$205,'3. Sample Data'!$A$6:$A$205,$A29),IF($G29>15,"partial — to "&TEXT($G29,"0.0")&" cm","not reached"))) | O29: =IF(OR($A29="",$H29<>"Complete"),"",IF($G29>=50-0.0001,SUMIFS('3. Sample Data'!$Y$6:$Y$205,'3. Sample Data'!$A$6:$A$205,$A29),IF($G29>30,"partial — to "&TEXT($G29,"0.0")&" cm","not reached"))) | P29: =IF(OR($A29="",$H29<>"Complete"),"",IF($G29>=100-0.0001,SUMIFS('3. Sample Data'!$Z$6:$Z$205,'3. Sample Data'!$A$6:$A$205,$A29),IF($G29>50,"partial — to "&TEXT($G29,"0.0")&" cm","not reached")))
A30: =IF('2. Plot & Core Log'!$B$31="","",'2. Plot & Core Log'!$B$31) | B30: =IF($A30="","",IF('2. Plot & Core Log'!$A$31="","",'2. Plot & Core Log'!$A$31)) | C30: =IF($A30="","",IF('2. Plot & Core Log'!$P$31="","",'2. Plot & Core Log'!$P$31)) | D30: =IF($A30="","",COUNTIFS('3. Sample Data'!$A$6:$A$205,$A30)) | E30: =IF($A30="","",COUNTIFS('3. Sample Data'!$A$6:$A$205,$A30,'3. Sample Data'!$AA$6:$AA$205,"OK")) | F30: =IF(OR($A30="",$D30=0),"",_xlfn.MAXIFS('3. Sample Data'!$D$6:$D$205,'3. Sample Data'!$A$6:$A$205,$A30)) | G30: =IF(OR($A30="",$D30=0),"",IFERROR(_xlfn.MAXIFS('3. Sample Data'!$J$6:$J$205,'3. Sample Data'!$A$6:$A$205,$A30),"")) | H30: =IF($A30="","",IF($D30=0,"No slices entered",IF(AND('2. Plot & Core Log'!$O$31<>"OK",LEFT('2. Plot & Core Log'!$O$31,7)<>"ASSUMED"),'2. Plot & Core Log'!$O$31&" (Sheet 2)",IF($E30<$D30,"Not complete — see Slice check on Sheet 3","Complete")))) | I30: =IF(OR($A30="",$H30<>"Complete"),"",SUMIFS('3. Sample Data'!$M$6:$M$205,'3. Sample Data'!$A$6:$A$205,$A30)/(PI()*(INDEX('2. Plot & Core Log'!$S$6:$S$35,MATCH($A30,'2. Plot & Core Log'!$B$6:$B$35,0))/2)^2*SUMIFS('3. Sample Data'!$F$6:$F$205,'3. Sample Data'!$A$6:$A$205,$A30))) | J30: =IF(OR($A30="",$H30<>"Complete"),"",100*SUMIFS('3. Sample Data'!$U$6:$U$205,'3. Sample Data'!$A$6:$A$205,$A30)/(SUMIFS('3. Sample Data'!$M$6:$M$205,'3. Sample Data'!$A$6:$A$205,$A30)/(PI()*(INDEX('2. Plot & Core Log'!$S$6:$S$35,MATCH($A30,'2. Plot & Core Log'!$B$6:$B$35,0))/2)^2))) | K30: =IF(OR($A30="",$H30<>"Complete"),"",SUMIFS('3. Sample Data'!$V$6:$V$205,'3. Sample Data'!$A$6:$A$205,$A30)) | L30: =IF($K30="","",$K30*10) | M30: =IF(OR($A30="",$H30<>"Complete"),"",IF($G30>=15-0.0001,SUMIFS('3. Sample Data'!$W$6:$W$205,'3. Sample Data'!$A$6:$A$205,$A30),IF($G30>0,"partial — to "&TEXT($G30,"0.0")&" cm","not reached"))) | N30: =IF(OR($A30="",$H30<>"Complete"),"",IF($G30>=30-0.0001,SUMIFS('3. Sample Data'!$X$6:$X$205,'3. Sample Data'!$A$6:$A$205,$A30),IF($G30>15,"partial — to "&TEXT($G30,"0.0")&" cm","not reached"))) | O30: =IF(OR($A30="",$H30<>"Complete"),"",IF($G30>=50-0.0001,SUMIFS('3. Sample Data'!$Y$6:$Y$205,'3. Sample Data'!$A$6:$A$205,$A30),IF($G30>30,"partial — to "&TEXT($G30,"0.0")&" cm","not reached"))) | P30: =IF(OR($A30="",$H30<>"Complete"),"",IF($G30>=100-0.0001,SUMIFS('3. Sample Data'!$Z$6:$Z$205,'3. Sample Data'!$A$6:$A$205,$A30),IF($G30>50,"partial — to "&TEXT($G30,"0.0")&" cm","not reached")))
A31: =IF('2. Plot & Core Log'!$B$32="","",'2. Plot & Core Log'!$B$32) | B31: =IF($A31="","",IF('2. Plot & Core Log'!$A$32="","",'2. Plot & Core Log'!$A$32)) | C31: =IF($A31="","",IF('2. Plot & Core Log'!$P$32="","",'2. Plot & Core Log'!$P$32)) | D31: =IF($A31="","",COUNTIFS('3. Sample Data'!$A$6:$A$205,$A31)) | E31: =IF($A31="","",COUNTIFS('3. Sample Data'!$A$6:$A$205,$A31,'3. Sample Data'!$AA$6:$AA$205,"OK")) | F31: =IF(OR($A31="",$D31=0),"",_xlfn.MAXIFS('3. Sample Data'!$D$6:$D$205,'3. Sample Data'!$A$6:$A$205,$A31)) | G31: =IF(OR($A31="",$D31=0),"",IFERROR(_xlfn.MAXIFS('3. Sample Data'!$J$6:$J$205,'3. Sample Data'!$A$6:$A$205,$A31),"")) | H31: =IF($A31="","",IF($D31=0,"No slices entered",IF(AND('2. Plot & Core Log'!$O$32<>"OK",LEFT('2. Plot & Core Log'!$O$32,7)<>"ASSUMED"),'2. Plot & Core Log'!$O$32&" (Sheet 2)",IF($E31<$D31,"Not complete — see Slice check on Sheet 3","Complete")))) | I31: =IF(OR($A31="",$H31<>"Complete"),"",SUMIFS('3. Sample Data'!$M$6:$M$205,'3. Sample Data'!$A$6:$A$205,$A31)/(PI()*(INDEX('2. Plot & Core Log'!$S$6:$S$35,MATCH($A31,'2. Plot & Core Log'!$B$6:$B$35,0))/2)^2*SUMIFS('3. Sample Data'!$F$6:$F$205,'3. Sample Data'!$A$6:$A$205,$A31))) | J31: =IF(OR($A31="",$H31<>"Complete"),"",100*SUMIFS('3. Sample Data'!$U$6:$U$205,'3. Sample Data'!$A$6:$A$205,$A31)/(SUMIFS('3. Sample Data'!$M$6:$M$205,'3. Sample Data'!$A$6:$A$205,$A31)/(PI()*(INDEX('2. Plot & Core Log'!$S$6:$S$35,MATCH($A31,'2. Plot & Core Log'!$B$6:$B$35,0))/2)^2))) | K31: =IF(OR($A31="",$H31<>"Complete"),"",SUMIFS('3. Sample Data'!$V$6:$V$205,'3. Sample Data'!$A$6:$A$205,$A31)) | L31: =IF($K31="","",$K31*10) | M31: =IF(OR($A31="",$H31<>"Complete"),"",IF($G31>=15-0.0001,SUMIFS('3. Sample Data'!$W$6:$W$205,'3. Sample Data'!$A$6:$A$205,$A31),IF($G31>0,"partial — to "&TEXT($G31,"0.0")&" cm","not reached"))) | N31: =IF(OR($A31="",$H31<>"Complete"),"",IF($G31>=30-0.0001,SUMIFS('3. Sample Data'!$X$6:$X$205,'3. Sample Data'!$A$6:$A$205,$A31),IF($G31>15,"partial — to "&TEXT($G31,"0.0")&" cm","not reached"))) | O31: =IF(OR($A31="",$H31<>"Complete"),"",IF($G31>=50-0.0001,SUMIFS('3. Sample Data'!$Y$6:$Y$205,'3. Sample Data'!$A$6:$A$205,$A31),IF($G31>30,"partial — to "&TEXT($G31,"0.0")&" cm","not reached"))) | P31: =IF(OR($A31="",$H31<>"Complete"),"",IF($G31>=100-0.0001,SUMIFS('3. Sample Data'!$Z$6:$Z$205,'3. Sample Data'!$A$6:$A$205,$A31),IF($G31>50,"partial — to "&TEXT($G31,"0.0")&" cm","not reached")))
A32: =IF('2. Plot & Core Log'!$B$33="","",'2. Plot & Core Log'!$B$33) | B32: =IF($A32="","",IF('2. Plot & Core Log'!$A$33="","",'2. Plot & Core Log'!$A$33)) | C32: =IF($A32="","",IF('2. Plot & Core Log'!$P$33="","",'2. Plot & Core Log'!$P$33)) | D32: =IF($A32="","",COUNTIFS('3. Sample Data'!$A$6:$A$205,$A32)) | E32: =IF($A32="","",COUNTIFS('3. Sample Data'!$A$6:$A$205,$A32,'3. Sample Data'!$AA$6:$AA$205,"OK")) | F32: =IF(OR($A32="",$D32=0),"",_xlfn.MAXIFS('3. Sample Data'!$D$6:$D$205,'3. Sample Data'!$A$6:$A$205,$A32)) | G32: =IF(OR($A32="",$D32=0),"",IFERROR(_xlfn.MAXIFS('3. Sample Data'!$J$6:$J$205,'3. Sample Data'!$A$6:$A$205,$A32),"")) | H32: =IF($A32="","",IF($D32=0,"No slices entered",IF(AND('2. Plot & Core Log'!$O$33<>"OK",LEFT('2. Plot & Core Log'!$O$33,7)<>"ASSUMED"),'2. Plot & Core Log'!$O$33&" (Sheet 2)",IF($E32<$D32,"Not complete — see Slice check on Sheet 3","Complete")))) | I32: =IF(OR($A32="",$H32<>"Complete"),"",SUMIFS('3. Sample Data'!$M$6:$M$205,'3. Sample Data'!$A$6:$A$205,$A32)/(PI()*(INDEX('2. Plot & Core Log'!$S$6:$S$35,MATCH($A32,'2. Plot & Core Log'!$B$6:$B$35,0))/2)^2*SUMIFS('3. Sample Data'!$F$6:$F$205,'3. Sample Data'!$A$6:$A$205,$A32))) | J32: =IF(OR($A32="",$H32<>"Complete"),"",100*SUMIFS('3. Sample Data'!$U$6:$U$205,'3. Sample Data'!$A$6:$A$205,$A32)/(SUMIFS('3. Sample Data'!$M$6:$M$205,'3. Sample Data'!$A$6:$A$205,$A32)/(PI()*(INDEX('2. Plot & Core Log'!$S$6:$S$35,MATCH($A32,'2. Plot & Core Log'!$B$6:$B$35,0))/2)^2))) | K32: =IF(OR($A32="",$H32<>"Complete"),"",SUMIFS('3. Sample Data'!$V$6:$V$205,'3. Sample Data'!$A$6:$A$205,$A32)) | L32: =IF($K32="","",$K32*10) | M32: =IF(OR($A32="",$H32<>"Complete"),"",IF($G32>=15-0.0001,SUMIFS('3. Sample Data'!$W$6:$W$205,'3. Sample Data'!$A$6:$A$205,$A32),IF($G32>0,"partial — to "&TEXT($G32,"0.0")&" cm","not reached"))) | N32: =IF(OR($A32="",$H32<>"Complete"),"",IF($G32>=30-0.0001,SUMIFS('3. Sample Data'!$X$6:$X$205,'3. Sample Data'!$A$6:$A$205,$A32),IF($G32>15,"partial — to "&TEXT($G32,"0.0")&" cm","not reached"))) | O32: =IF(OR($A32="",$H32<>"Complete"),"",IF($G32>=50-0.0001,SUMIFS('3. Sample Data'!$Y$6:$Y$205,'3. Sample Data'!$A$6:$A$205,$A32),IF($G32>30,"partial — to "&TEXT($G32,"0.0")&" cm","not reached"))) | P32: =IF(OR($A32="",$H32<>"Complete"),"",IF($G32>=100-0.0001,SUMIFS('3. Sample Data'!$Z$6:$Z$205,'3. Sample Data'!$A$6:$A$205,$A32),IF($G32>50,"partial — to "&TEXT($G32,"0.0")&" cm","not reached")))
A33: =IF('2. Plot & Core Log'!$B$34="","",'2. Plot & Core Log'!$B$34) | B33: =IF($A33="","",IF('2. Plot & Core Log'!$A$34="","",'2. Plot & Core Log'!$A$34)) | C33: =IF($A33="","",IF('2. Plot & Core Log'!$P$34="","",'2. Plot & Core Log'!$P$34)) | D33: =IF($A33="","",COUNTIFS('3. Sample Data'!$A$6:$A$205,$A33)) | E33: =IF($A33="","",COUNTIFS('3. Sample Data'!$A$6:$A$205,$A33,'3. Sample Data'!$AA$6:$AA$205,"OK")) | F33: =IF(OR($A33="",$D33=0),"",_xlfn.MAXIFS('3. Sample Data'!$D$6:$D$205,'3. Sample Data'!$A$6:$A$205,$A33)) | G33: =IF(OR($A33="",$D33=0),"",IFERROR(_xlfn.MAXIFS('3. Sample Data'!$J$6:$J$205,'3. Sample Data'!$A$6:$A$205,$A33),"")) | H33: =IF($A33="","",IF($D33=0,"No slices entered",IF(AND('2. Plot & Core Log'!$O$34<>"OK",LEFT('2. Plot & Core Log'!$O$34,7)<>"ASSUMED"),'2. Plot & Core Log'!$O$34&" (Sheet 2)",IF($E33<$D33,"Not complete — see Slice check on Sheet 3","Complete")))) | I33: =IF(OR($A33="",$H33<>"Complete"),"",SUMIFS('3. Sample Data'!$M$6:$M$205,'3. Sample Data'!$A$6:$A$205,$A33)/(PI()*(INDEX('2. Plot & Core Log'!$S$6:$S$35,MATCH($A33,'2. Plot & Core Log'!$B$6:$B$35,0))/2)^2*SUMIFS('3. Sample Data'!$F$6:$F$205,'3. Sample Data'!$A$6:$A$205,$A33))) | J33: =IF(OR($A33="",$H33<>"Complete"),"",100*SUMIFS('3. Sample Data'!$U$6:$U$205,'3. Sample Data'!$A$6:$A$205,$A33)/(SUMIFS('3. Sample Data'!$M$6:$M$205,'3. Sample Data'!$A$6:$A$205,$A33)/(PI()*(INDEX('2. Plot & Core Log'!$S$6:$S$35,MATCH($A33,'2. Plot & Core Log'!$B$6:$B$35,0))/2)^2))) | K33: =IF(OR($A33="",$H33<>"Complete"),"",SUMIFS('3. Sample Data'!$V$6:$V$205,'3. Sample Data'!$A$6:$A$205,$A33)) | L33: =IF($K33="","",$K33*10) | M33: =IF(OR($A33="",$H33<>"Complete"),"",IF($G33>=15-0.0001,SUMIFS('3. Sample Data'!$W$6:$W$205,'3. Sample Data'!$A$6:$A$205,$A33),IF($G33>0,"partial — to "&TEXT($G33,"0.0")&" cm","not reached"))) | N33: =IF(OR($A33="",$H33<>"Complete"),"",IF($G33>=30-0.0001,SUMIFS('3. Sample Data'!$X$6:$X$205,'3. Sample Data'!$A$6:$A$205,$A33),IF($G33>15,"partial — to "&TEXT($G33,"0.0")&" cm","not reached"))) | O33: =IF(OR($A33="",$H33<>"Complete"),"",IF($G33>=50-0.0001,SUMIFS('3. Sample Data'!$Y$6:$Y$205,'3. Sample Data'!$A$6:$A$205,$A33),IF($G33>30,"partial — to "&TEXT($G33,"0.0")&" cm","not reached"))) | P33: =IF(OR($A33="",$H33<>"Complete"),"",IF($G33>=100-0.0001,SUMIFS('3. Sample Data'!$Z$6:$Z$205,'3. Sample Data'!$A$6:$A$205,$A33),IF($G33>50,"partial — to "&TEXT($G33,"0.0")&" cm","not reached")))
A34: =IF('2. Plot & Core Log'!$B$35="","",'2. Plot & Core Log'!$B$35) | B34: =IF($A34="","",IF('2. Plot & Core Log'!$A$35="","",'2. Plot & Core Log'!$A$35)) | C34: =IF($A34="","",IF('2. Plot & Core Log'!$P$35="","",'2. Plot & Core Log'!$P$35)) | D34: =IF($A34="","",COUNTIFS('3. Sample Data'!$A$6:$A$205,$A34)) | E34: =IF($A34="","",COUNTIFS('3. Sample Data'!$A$6:$A$205,$A34,'3. Sample Data'!$AA$6:$AA$205,"OK")) | F34: =IF(OR($A34="",$D34=0),"",_xlfn.MAXIFS('3. Sample Data'!$D$6:$D$205,'3. Sample Data'!$A$6:$A$205,$A34)) | G34: =IF(OR($A34="",$D34=0),"",IFERROR(_xlfn.MAXIFS('3. Sample Data'!$J$6:$J$205,'3. Sample Data'!$A$6:$A$205,$A34),"")) | H34: =IF($A34="","",IF($D34=0,"No slices entered",IF(AND('2. Plot & Core Log'!$O$35<>"OK",LEFT('2. Plot & Core Log'!$O$35,7)<>"ASSUMED"),'2. Plot & Core Log'!$O$35&" (Sheet 2)",IF($E34<$D34,"Not complete — see Slice check on Sheet 3","Complete")))) | I34: =IF(OR($A34="",$H34<>"Complete"),"",SUMIFS('3. Sample Data'!$M$6:$M$205,'3. Sample Data'!$A$6:$A$205,$A34)/(PI()*(INDEX('2. Plot & Core Log'!$S$6:$S$35,MATCH($A34,'2. Plot & Core Log'!$B$6:$B$35,0))/2)^2*SUMIFS('3. Sample Data'!$F$6:$F$205,'3. Sample Data'!$A$6:$A$205,$A34))) | J34: =IF(OR($A34="",$H34<>"Complete"),"",100*SUMIFS('3. Sample Data'!$U$6:$U$205,'3. Sample Data'!$A$6:$A$205,$A34)/(SUMIFS('3. Sample Data'!$M$6:$M$205,'3. Sample Data'!$A$6:$A$205,$A34)/(PI()*(INDEX('2. Plot & Core Log'!$S$6:$S$35,MATCH($A34,'2. Plot & Core Log'!$B$6:$B$35,0))/2)^2))) | K34: =IF(OR($A34="",$H34<>"Complete"),"",SUMIFS('3. Sample Data'!$V$6:$V$205,'3. Sample Data'!$A$6:$A$205,$A34)) | L34: =IF($K34="","",$K34*10) | M34: =IF(OR($A34="",$H34<>"Complete"),"",IF($G34>=15-0.0001,SUMIFS('3. Sample Data'!$W$6:$W$205,'3. Sample Data'!$A$6:$A$205,$A34),IF($G34>0,"partial — to "&TEXT($G34,"0.0")&" cm","not reached"))) | N34: =IF(OR($A34="",$H34<>"Complete"),"",IF($G34>=30-0.0001,SUMIFS('3. Sample Data'!$X$6:$X$205,'3. Sample Data'!$A$6:$A$205,$A34),IF($G34>15,"partial — to "&TEXT($G34,"0.0")&" cm","not reached"))) | O34: =IF(OR($A34="",$H34<>"Complete"),"",IF($G34>=50-0.0001,SUMIFS('3. Sample Data'!$Y$6:$Y$205,'3. Sample Data'!$A$6:$A$205,$A34),IF($G34>30,"partial — to "&TEXT($G34,"0.0")&" cm","not reached"))) | P34: =IF(OR($A34="",$H34<>"Complete"),"",IF($G34>=100-0.0001,SUMIFS('3. Sample Data'!$Z$6:$Z$205,'3. Sample Data'!$A$6:$A$205,$A34),IF($G34>50,"partial — to "&TEXT($G34,"0.0")&" cm","not reached")))
A36: Mean of complete cores | M36: =IF(COUNT(M5:M34)=0,"",AVERAGE(M5:M34)) -> 1.4569322 | N36: =IF(COUNT(N5:N34)=0,"",AVERAGE(N5:N34)) | O36: =IF(COUNT(O5:O34)=0,"",AVERAGE(O5:O34)) | P36: =IF(COUNT(P5:P34)=0,"",AVERAGE(P5:P34))
A37: Number of cores in that mean | M37: =COUNT(M5:M34) -> 3 | N37: =COUNT(N5:N34) -> 0 | O37: =COUNT(O5:O34) -> 0 | P37: =COUNT(P5:P34) -> 0
A38: Each increment's mean uses only the cores that reach the bottom of that increment, so the number of cores can differ between columns. 'Measured core stock' is to whatever depth each core reached, so it is NOT comparable between cores of different lengths — compare increments instead. A mean of cores is not an estimate for a meadow: see Part 4, Option B.
