Workbook

Sheet Start Here
B2: Blue Carbon Sample Allocation Calculator — 2026 — Tsawwassen worked example
B4: WWF-Canada · Coastal Blue Carbon Hub
B6: TSAWWASSEN WORKED EXAMPLE (Part 2). The inputs are the Tsawwassen team's: two eelgrass zones from the sampling-design tool, and the tool's Pacific Northwest eelgrass prior (24.8 ± 16.8 Mg C/ha to 30 cm, Janousek et al. 2025). Use the blank calculator for your own site. This workbook turns a study area and a precision target into a number of sediment cores, then checks after fieldwork whether that precision was actually achieved.
B9: How to use it
B10: Sheet | C10: What it does | F10: Where it maps in the workshop
B11: 1 Sample Size | C11: One uniform area. Enter area, precision and a prior; get a core count. | F11: Workshop Step 4
B12: 2 Stratified | C12: Two or more strata. Same inputs per stratum; cores allocated by area. | F12: Workshop Steps 2 + 5
B13: 3 Priors | C13: Published mean / SD / CV by ecosystem and region. Feeds sheets 1 and 2. | F13: Workshop Step 4
B14: 4 Precision Check | C14: After fieldwork: did you hit your target margin of error? | F14: Appendix A8
B15: 5 Sensitivity | C15: How the core count responds to precision and variability. | F15: Appendix A4
B16: Notes and Sources | C16: Formulas, symbol crosswalk, citations, assumptions. | F16: Appendix A2, A3, A6
B18: Cell colours
B19: You type here | C19: Sand fill — every input in this workbook looks like this.
B20: Calculated | C20: Teal fill — formulas. Do not overwrite; they will not recalculate if you do.
B22: Before you start
B23: • Have your study area in square metres (Workshop Step 1) and your strata areas if you stratified (Step 2).
B24: • Decide your margin of error and confidence level before you look at any numbers, not after.
B25: • Plot size defaults to 100 m² (a 10 × 10 m plot per core), matching the workshop. Change it on each sheet if yours differs.
B26: • The priors in sheet 3 are regional averages. They understate local patchiness — round the SD up.
B29: Version 2026.2 · Built for the Blue Carbon Eelgrass Workshop · Priors from Janousek et al. (2025)

Sheet 1 Sample Size
B2: Sample size — one uniform area
B3: Workshop Step 4. For a site with two or more strata, use sheet '2 Stratified' instead.
B5: Step 1 — Your study area
B6: Study area (m²) | C6: 10757500 | D6: from your Step 1 boundary
B7: Plot size — area each core represents (m²) | C7: 100 | D7: 100 m² = a 10 × 10 m plot
B8: Possible plot locations, N | C8: =IFERROR(ROUNDDOWN(C6/C7,0),"") -> 107575 | D8: area ÷ plot size (used only if the plots are the sampling frame)
B9: Plots are the sampling frame? | C9: No | D9: Yes only if cores are drawn from a fixed list of plots (e.g. the sampling tool's grid of positions). No = treat the area as continuous (no finite-population correction).
B10: Step 2 — Your precision target
B11: Confidence level | C11: 0.9 | D11: 0.90 or 0.95. Enter as a decimal.
B12: z multiplier | C12: =NORMINV(1-(1-C11)/2,0,1) -> 1.6448536 | D12: set by the confidence level
B13: Relative margin of error, E | C13: 0.2 | D13: 0.20 = ±20% of the mean
B15: Step 3 — Your variability prior
B16: Prior source | C16: Custom — enter my own mean and SD | F16: pick from the list
B17: Depth (cm) | C17: 30 | D17: 30 or 100
B18: Expected mean (Mg C ha⁻¹) | C18: {=IF($C$16="Custom — enter my own mean and SD",$C$21,IF($C$17=100,INDEX('3 Priors'!$I$8:$I$35,MATCH($C$16,'3 Priors'!$B$8:$B$35,0)),INDEX('3 Priors'!$E$8:$E$35,MATCH($C$16,'3 Priors'!$B$8:$B$35,0))))} -> 24.8
B19: Expected standard deviation | C19: {=IF($C$16="Custom — enter my own mean and SD",$C$22,IF($C$17=100,INDEX('3 Priors'!$J$8:$J$35,MATCH($C$16,'3 Priors'!$B$8:$B$35,0)),INDEX('3 Priors'!$F$8:$F$35,MATCH($C$16,'3 Priors'!$B$8:$B$35,0))))} -> 16.8
B20: Coefficient of variation, CV | C20: =IFERROR(C19/C18,"") -> 0.67741935 | D20: SD ÷ mean — drives the answer
B21: Custom mean — used only if 'Custom' is selected | C21: 24.8
B22: Custom standard deviation | C22: 16.8
B24: Result
B25: Cores required (n) | C25: =IFERROR(IF(UPPER(C9)="YES",ROUNDUP((C12^2*C8*C20^2)/((C8-1)*C13^2+C12^2*C20^2),0),ROUNDUP((C12*C20/C13)^2,0)),"") -> 32
B26: Sampling fraction | C26: =IFERROR(C25/C8,"") -> 0.00029746688 | D26: share of all possible plots you will visit
B28: ="Collect "&C25&" cores to estimate mean sediment carbon within ±"&TEXT(C13,"0%")&" at "&TEXT(C11,"0%")&" confidence." -> Collect 32 cores to estimate mean sediment carbon within ±20% at 90% confidence.
B30: Check the CV above against your own expectations before trusting this. It is squared in the formula, so it moves the answer more than anything else you entered — see sheet '5 Sensitivity'.

Sheet 2 Stratified
B2: Sample size — stratified area
B3: Workshop Steps 2 and 5. Cores are allocated between strata in proportion to area.
B5: Settings
B6: Plot size (m²) | C6: 100
B7: Confidence level | C7: 0.9
B8: z multiplier | C8: =NORMINV(1-(1-C7)/2,0,1) -> 1.6448536
B9: Relative margin of error, E | C9: 0.2
B10: Minimum cores per stratum | C10: 5 | D10: 5 keeps every stratum estimable
B11: Plots are the sampling frame? | C11: No | D11: Yes only if cores are drawn from a fixed list of plots (e.g. the sampling tool's grid of positions). No = treat the area as continuous (no finite-population correction).
B12: Your strata
B13: Stratum name | C13: Area (m²) | D13: Expected mean | E13: Expected SD | F13: CV | G13: Cores allocated
B14: Zone 3 — high-density eelgrass | C14: 7138000 | D14: 24.8 | E14: 16.8 | F14: =IFERROR(E14/D14,"") -> 0.67741935 | G14: =IF(C14="","",MAX(CEILING($C$32*C14/$C$27,1),$C$10)) -> 22
B15: Zone 2 — low-density eelgrass | C15: 3619500 | D15: 24.8 | E15: 16.8 | F15: =IFERROR(E15/D15,"") -> 0.67741935 | G15: =IF(C15="","",MAX(CEILING($C$32*C15/$C$27,1),$C$10)) -> 11
F16: =IFERROR(E16/D16,"") | G16: =IF(C16="","",MAX(CEILING($C$32*C16/$C$27,1),$C$10))
F17: =IFERROR(E17/D17,"") | G17: =IF(C17="","",MAX(CEILING($C$32*C17/$C$27,1),$C$10))
F18: =IFERROR(E18/D18,"") | G18: =IF(C18="","",MAX(CEILING($C$32*C18/$C$27,1),$C$10))
F19: =IFERROR(E19/D19,"") | G19: =IF(C19="","",MAX(CEILING($C$32*C19/$C$27,1),$C$10))
F20: =IFERROR(E20/D20,"") | G20: =IF(C20="","",MAX(CEILING($C$32*C20/$C$27,1),$C$10))
F21: =IFERROR(E21/D21,"") | G21: =IF(C21="","",MAX(CEILING($C$32*C21/$C$27,1),$C$10))
F22: =IFERROR(E22/D22,"") | G22: =IF(C22="","",MAX(CEILING($C$32*C22/$C$27,1),$C$10))
F23: =IFERROR(E23/D23,"") | G23: =IF(C23="","",MAX(CEILING($C$32*C23/$C$27,1),$C$10))
B25: Total | C25: =SUM(C14:C23) -> 10757500 | G25: =SUM(G14:G23) -> 33
B27: Total area (m²) | C27: =SUM(C14:C23) -> 10757500
B28: Possible plot locations, N | C28: =IFERROR(ROUNDDOWN(C27/C6,0),"") -> 107575
B29: Area-weighted overall mean | C29: =IFERROR(SUMPRODUCT(C14:C23,D14:D23)/C27,"") -> 24.8
B30: Pooled variance | C30: =IFERROR(SUMPRODUCT(C14:C23,(E14:E23)^2)/C27,"") -> 282.24
B31: V — variance ÷ mean² | C31: =IFERROR(C30/C29^2,"") -> 0.45889698
B32: Cores required before allocation (n) | C32: =IFERROR(IF(UPPER(C11)="YES",ROUNDUP((C8^2*C28*C31)/((C28-1)*C9^2+C8^2*C31),0),ROUNDUP(C8^2*C31/C9^2,0)),"") -> 32
B33: Cores after the per-stratum minimum | C33: =G25 -> 33
B35: The allocated total usually exceeds n. Rounding each stratum up and applying the minimum both add cores — deliberately. A stratum with two cores yields no usable variance estimate.
B38: Tsawwassen zones from the sampling-design tool (Zone 1, 171.14 ha of wetland edge, excluded). Both use the tool's Pacific Northwest eelgrass prior, 24.8 ± 16.8 Mg C/ha to 30 cm.

Sheet 3 Priors
B2: Variability priors — Janousek et al. (2025)
B4: Sediment organic carbon stocks from 1,285 cores along the Pacific coast of North America. Use these when you have no local pilot data. Select a row's name in the dropdown on sheet 1 or 2.
B6: Rows are ecosystem × region. 'All regions' pools every core for that ecosystem. Rows with a small core count (n) are shown for completeness — treat CV from fewer than about 20 cores as indicative only.
B7: Prior name (select this) | C7: Ecosystem | D7: Region | E7: Mean 30 cm | F7: SD 30 cm | G7: CV 30 cm | H7: cores (n) | I7: Mean 100 cm | J7: SD 100 cm | K7: CV 100 cm | L7: cores (n)
B8: Custom — enter my own mean and SD
B9: Emergent marsh — Alaska | C9: Emergent marsh | D9: Alaska | E9: 85.7 | F9: 34 | G9: =IFERROR(F9/E9,"") -> 0.39673279 | H9: 19 | I9: 319 | J9: 67.8 | K9: =IFERROR(J9/I9,"") -> 0.21253918 | L9: 4
B10: Emergent marsh — All regions | C10: Emergent marsh | D10: All regions | E10: 85.5 | F10: 35 | G10: =IFERROR(F10/E10,"") -> 0.40935673 | H10: 696 | I10: 244.5 | J10: 100.3 | K10: =IFERROR(J10/I10,"") -> 0.41022495 | L10: 357
B11: Emergent marsh — Baja California | C11: Emergent marsh | D11: Baja California | E11: 75.7 | F11: 43 | G11: =IFERROR(F11/E11,"") -> 0.5680317 | H11: 40 | I11: 195.9 | J11: 104.3 | K11: =IFERROR(J11/I11,"") -> 0.5324145 | L11: 6
B12: Emergent marsh — British Columbia | C12: Emergent marsh | D12: British Columbia | E12: 84.9 | F12: 37.3 | G12: =IFERROR(F12/E12,"") -> 0.4393404 | H12: 75 | I12: 232.7 | J12: 96.9 | K12: =IFERROR(J12/I12,"") -> 0.41641599 | L12: 33
B13: Emergent marsh — California | C13: Emergent marsh | D13: California | E13: 83.8 | F13: 31.1 | G13: =IFERROR(F13/E13,"") -> 0.37112172 | H13: 299 | I13: 257.2 | J13: 107 | K13: =IFERROR(J13/I13,"") -> 0.41601866 | L13: 188
B14: Emergent marsh — Mexico (mainland) | C14: Emergent marsh | D14: Mexico (mainland) | E14: 67.3 | F14: 32.6 | G14: =IFERROR(F14/E14,"") -> 0.48439822 | H14: 6 | I14: 293.6 | J14: 95.3 | K14: =IFERROR(J14/I14,"") -> 0.32459128 | L14: 6
B15: Emergent marsh — Oregon | C15: Emergent marsh | D15: Oregon | E15: 101.2 | F15: 33.2 | G15: =IFERROR(F15/E15,"") -> 0.32806324 | H15: 152 | I15: 252.8 | J15: 76 | K15: =IFERROR(J15/I15,"") -> 0.30063291 | L15: 59
B16: Emergent marsh — Washington | C16: Emergent marsh | D16: Washington | E16: 73 | F16: 36 | G16: =IFERROR(F16/E16,"") -> 0.49315068 | H16: 105 | I16: 199 | J16: 89.2 | K16: =IFERROR(J16/I16,"") -> 0.44824121 | L16: 61
B17: Mangrove — All regions | C17: Mangrove | D17: All regions | E17: 107.5 | F17: 83.6 | G17: =IFERROR(F17/E17,"") -> 0.77767442 | H17: 181 | I17: 356.5 | J17: 229.7 | K17: =IFERROR(J17/I17,"") -> 0.64431978 | L17: 90
B18: Mangrove — Baja California | C18: Mangrove | D18: Baja California | E18: 104.9 | F18: 99.5 | G18: =IFERROR(F18/E18,"") -> 0.9485224 | H18: 109 | I18: 341.6 | J18: 296.2 | K18: =IFERROR(J18/I18,"") -> 0.86709602 | L18: 39
B19: Mangrove — Mexico (mainland) | C19: Mangrove | D19: Mexico (mainland) | E19: 111.3 | F19: 51.6 | G19: =IFERROR(F19/E19,"") -> 0.46361186 | H19: 72 | I19: 367.9 | J19: 164.1 | K19: =IFERROR(J19/I19,"") -> 0.44604512 | L19: 51
B20: Seagrass — Alaska | C20: Seagrass | D20: Alaska | E20: 45.3 | F20: 28.7 | G20: =IFERROR(F20/E20,"") -> 0.63355408 | H20: 20 | L20: 0
B21: Seagrass — All regions | C21: Seagrass | D21: All regions | E21: 23.8 | F21: 18.4 | G21: =IFERROR(F21/E21,"") -> 0.77310924 | H21: 256 | I21: 68.3 | J21: 42.5 | K21: =IFERROR(J21/I21,"") -> 0.62225476 | L21: 78
B22: Seagrass — Baja California | C22: Seagrass | D22: Baja California | E22: 22 | F22: 8.1 | G22: =IFERROR(F22/E22,"") -> 0.36818182 | H22: 10 | L22: 2
B23: Seagrass — British Columbia | C23: Seagrass | D23: British Columbia | E23: 20.6 | F23: 11.9 | G23: =IFERROR(F23/E23,"") -> 0.5776699 | H23: 79 | I23: 60.9 | J23: 57.8 | K23: =IFERROR(J23/I23,"") -> 0.94909688 | L23: 3
B24: Seagrass — California | C24: Seagrass | D24: California | E24: 21.8 | F24: 22.8 | G24: =IFERROR(F24/E24,"") -> 1.0458716 | H24: 71 | I24: 48.5 | J24: 33.4 | K24: =IFERROR(J24/I24,"") -> 0.68865979 | L24: 34
B25: Seagrass — Oregon | C25: Seagrass | D25: Oregon | E25: 35.8 | F25: 12.7 | G25: =IFERROR(F25/E25,"") -> 0.3547486 | H25: 27 | I25: 113.5 | J25: 29.8 | K25: =IFERROR(J25/I25,"") -> 0.26255507 | L25: 24
B26: Seagrass — Washington | C26: Seagrass | D26: Washington | E26: 17.1 | F26: 6.9 | G26: =IFERROR(F26/E26,"") -> 0.40350877 | H26: 49 | I26: 48.3 | J26: 14 | K26: =IFERROR(J26/I26,"") -> 0.28985507 | L26: 15
B27: Tidal swamp — All regions | C27: Tidal swamp | D27: All regions | E27: 113.4 | F27: 38.3 | G27: =IFERROR(F27/E27,"") -> 0.3377425 | H27: 67 | I27: 354.7 | J27: 103.9 | K27: =IFERROR(J27/I27,"") -> 0.2929236 | L27: 41
B28: Tidal swamp — California | C28: Tidal swamp | D28: California | E28: 124.2 | F28: 23 | G28: =IFERROR(F28/E28,"") -> 0.18518519 | H28: 5 | L28: 2
B29: Tidal swamp — Oregon | C29: Tidal swamp | D29: Oregon | E29: 137 | F29: 46.1 | G29: =IFERROR(F29/E29,"") -> 0.33649635 | H29: 20 | I29: 381.7 | J29: 76.4 | K29: =IFERROR(J29/I29,"") -> 0.20015719 | L29: 12
B30: Tidal swamp — Washington | C30: Tidal swamp | D30: Washington | E30: 100.8 | F30: 29.7 | G30: =IFERROR(F30/E30,"") -> 0.29464286 | H30: 42 | I30: 346 | J30: 114.9 | K30: =IFERROR(J30/I30,"") -> 0.33208092 | L30: 27
B31: Tideflat — All regions | C31: Tideflat | D31: All regions | E31: 33.1 | F31: 21.5 | G31: =IFERROR(F31/E31,"") -> 0.64954683 | H31: 84 | I31: 148.2 | J31: 93.2 | K31: =IFERROR(J31/I31,"") -> 0.62887989 | L31: 26
B32: Tideflat — British Columbia | C32: Tideflat | D32: British Columbia | E32: 20.3 | F32: 10.4 | G32: =IFERROR(F32/E32,"") -> 0.51231527 | H32: 29 | L32: 0
B33: Tideflat — California | C33: Tideflat | D33: California | E33: 46.3 | F33: 27 | G33: =IFERROR(F33/E33,"") -> 0.58315335 | H33: 29 | I33: 181.4 | J33: 98.2 | K33: =IFERROR(J33/I33,"") -> 0.54134509 | L33: 17
B34: Tideflat — Oregon | C34: Tideflat | D34: Oregon | E34: 42.5 | F34: 13.2 | G34: =IFERROR(F34/E34,"") -> 0.31058824 | H34: 13 | L34: 2
B35: Tideflat — Washington | C35: Tideflat | D35: Washington | E35: 22.7 | F35: 6.8 | G35: =IFERROR(F35/E35,"") -> 0.29955947 | H35: 13 | I35: 71.5 | J35: 12.4 | K35: =IFERROR(J35/I35,"") -> 0.17342657 | L35: 7
B37: Seagrass rows are shaded — these are the eelgrass priors for this workshop.
B38: Units: Mg C ha⁻¹. Blank 100 cm cells mean fewer than 3 cores reached that depth.
B40: Source: Janousek, C. N., Krause, J. R., Drexler, J. Z., Buffington, K. J., Poppe, K. L., Peck, E., et al. (2025).
B41: Blue carbon stocks along the Pacific coast of North America are mainly driven by local rather than regional factors.
B42: Global Biogeochemical Cycles, 39, e2024GB008239. doi:10.1029/2024GB008239
B43: Computed by WWF-Canada from the published core dataset: mean and sample SD of core-level stocks per ecosystem × region.

Sheet 4 Precision Check
B2: Precision check — after fieldwork
B3: Appendix A8. Planning used an expected CV; this uses the one you measured.
B5: A — One uniform area
B6: Possible plot locations, N (only if the plots are the sampling frame) | C6: 500
B7: Cores actually collected | C7: 30
B8: Sample mean (Mg C ha⁻¹) | C8: 21.4
B9: Sample standard deviation | C9: 12.8
B10: Confidence level | C10: 0.9
B11: Target margin of error, E | C11: 0.2
B12: t multiplier (n − 1 degrees of freedom) | C12: =IFERROR(TINV(1-C10,C7-1),"") -> 1.699127
B13: Plots are the sampling frame? | C13: No
B14: Standard error of the mean | C14: =IFERROR(SQRT(IF(UPPER(C13)="YES",1-C7/C6,1)*C9^2/C7),"") -> 2.3369496
B15: Achieved relative margin of error | C15: =IFERROR(C12*C14/C8,"") -> 0.1855502
B16: Verdict | C16: =IF(C15="","",IF(C15<=C11,"PASS — target met","MISS — see Appendix A8")) -> PASS — target met
B19: B — Stratified area
B20: Stratum name | C20: Area (m²) | D20: Sample mean | E20: Sample SD | F20: Cores collected | G20: Variance term
G21: =IFERROR((C21/$C$32)^2*IF(UPPER($C$13)="YES",1-F21/(C21/$C$33),1)*E21^2/F21,"")
G22: =IFERROR((C22/$C$32)^2*IF(UPPER($C$13)="YES",1-F22/(C22/$C$33),1)*E22^2/F22,"")
G23: =IFERROR((C23/$C$32)^2*IF(UPPER($C$13)="YES",1-F23/(C23/$C$33),1)*E23^2/F23,"")
G24: =IFERROR((C24/$C$32)^2*IF(UPPER($C$13)="YES",1-F24/(C24/$C$33),1)*E24^2/F24,"")
G25: =IFERROR((C25/$C$32)^2*IF(UPPER($C$13)="YES",1-F25/(C25/$C$33),1)*E25^2/F25,"")
G26: =IFERROR((C26/$C$32)^2*IF(UPPER($C$13)="YES",1-F26/(C26/$C$33),1)*E26^2/F26,"")
G27: =IFERROR((C27/$C$32)^2*IF(UPPER($C$13)="YES",1-F27/(C27/$C$33),1)*E27^2/F27,"")
G28: =IFERROR((C28/$C$32)^2*IF(UPPER($C$13)="YES",1-F28/(C28/$C$33),1)*E28^2/F28,"")
G29: =IFERROR((C29/$C$32)^2*IF(UPPER($C$13)="YES",1-F29/(C29/$C$33),1)*E29^2/F29,"")
G30: =IFERROR((C30/$C$32)^2*IF(UPPER($C$13)="YES",1-F30/(C30/$C$33),1)*E30^2/F30,"")
B32: Total area (m²) | C32: =SUM(C21:C30) -> 0
B33: Plot size (m²) | C33: 100
B34: Area-weighted overall mean | C34: =IFERROR(SUMPRODUCT(C21:C30,D21:D30)/C32,"")
B35: Standard error of the stratified mean | C35: =IFERROR(SQRT(SUM(G21:G30)),"") -> 0
B36: Achieved relative margin of error | C36: =IFERROR(TINV(1-C10,SUM(F21:F30)-COUNT(F21:F30))*C35/C34,"")
B37: Verdict | C37: =IF(C36="","",IF(C36<=C11,"PASS — target met","MISS — see Appendix A8"))
B39: Part B uses the confidence level, target and sampling-frame setting from part A; its t multiplier uses n − H degrees of freedom (H = number of strata with cores).

Sheet 5 Sensitivity
B2: Sensitivity — what drives the core count
B3: Appendix A4. Live from sheet 1's confidence level and sampling-frame setting.
B5: Possible plot locations, N | C5: ='1 Sample Size'!C8 -> 107575
B6: Confidence level | C6: ='1 Sample Size'!C11 -> 0.9
B7: z multiplier | C7: ='1 Sample Size'!C12 -> 1.6448536
B9: Cores required, by margin of error and variability
B10: CV ↓ E → | C10: 0.05 | D10: 0.1 | E10: 0.15 | F10: 0.2 | G10: 0.25 | H10: 0.3
B11: 0.3 | C11: =IFERROR(IF(UPPER('1 Sample Size'!$C$9)="YES",ROUNDUP(($C$7^2*$C$5*$B11^2)/(($C$5-1)*C$10^2+$C$7^2*$B11^2),0),ROUNDUP(($C$7*$B11/C$10)^2,0)),"") -> 98 | D11: =IFERROR(IF(UPPER('1 Sample Size'!$C$9)="YES",ROUNDUP(($C$7^2*$C$5*$B11^2)/(($C$5-1)*D$10^2+$C$7^2*$B11^2),0),ROUNDUP(($C$7*$B11/D$10)^2,0)),"") -> 25 | E11: =IFERROR(IF(UPPER('1 Sample Size'!$C$9)="YES",ROUNDUP(($C$7^2*$C$5*$B11^2)/(($C$5-1)*E$10^2+$C$7^2*$B11^2),0),ROUNDUP(($C$7*$B11/E$10)^2,0)),"") -> 11 | F11: =IFERROR(IF(UPPER('1 Sample Size'!$C$9)="YES",ROUNDUP(($C$7^2*$C$5*$B11^2)/(($C$5-1)*F$10^2+$C$7^2*$B11^2),0),ROUNDUP(($C$7*$B11/F$10)^2,0)),"") -> 7 | G11: =IFERROR(IF(UPPER('1 Sample Size'!$C$9)="YES",ROUNDUP(($C$7^2*$C$5*$B11^2)/(($C$5-1)*G$10^2+$C$7^2*$B11^2),0),ROUNDUP(($C$7*$B11/G$10)^2,0)),"") -> 4 | H11: =IFERROR(IF(UPPER('1 Sample Size'!$C$9)="YES",ROUNDUP(($C$7^2*$C$5*$B11^2)/(($C$5-1)*H$10^2+$C$7^2*$B11^2),0),ROUNDUP(($C$7*$B11/H$10)^2,0)),"") -> 3
B12: 0.4 | C12: =IFERROR(IF(UPPER('1 Sample Size'!$C$9)="YES",ROUNDUP(($C$7^2*$C$5*$B12^2)/(($C$5-1)*C$10^2+$C$7^2*$B12^2),0),ROUNDUP(($C$7*$B12/C$10)^2,0)),"") -> 174 | D12: =IFERROR(IF(UPPER('1 Sample Size'!$C$9)="YES",ROUNDUP(($C$7^2*$C$5*$B12^2)/(($C$5-1)*D$10^2+$C$7^2*$B12^2),0),ROUNDUP(($C$7*$B12/D$10)^2,0)),"") -> 44 | E12: =IFERROR(IF(UPPER('1 Sample Size'!$C$9)="YES",ROUNDUP(($C$7^2*$C$5*$B12^2)/(($C$5-1)*E$10^2+$C$7^2*$B12^2),0),ROUNDUP(($C$7*$B12/E$10)^2,0)),"") -> 20 | F12: =IFERROR(IF(UPPER('1 Sample Size'!$C$9)="YES",ROUNDUP(($C$7^2*$C$5*$B12^2)/(($C$5-1)*F$10^2+$C$7^2*$B12^2),0),ROUNDUP(($C$7*$B12/F$10)^2,0)),"") -> 11 | G12: =IFERROR(IF(UPPER('1 Sample Size'!$C$9)="YES",ROUNDUP(($C$7^2*$C$5*$B12^2)/(($C$5-1)*G$10^2+$C$7^2*$B12^2),0),ROUNDUP(($C$7*$B12/G$10)^2,0)),"") -> 7 | H12: =IFERROR(IF(UPPER('1 Sample Size'!$C$9)="YES",ROUNDUP(($C$7^2*$C$5*$B12^2)/(($C$5-1)*H$10^2+$C$7^2*$B12^2),0),ROUNDUP(($C$7*$B12/H$10)^2,0)),"") -> 5
B13: 0.5 | C13: =IFERROR(IF(UPPER('1 Sample Size'!$C$9)="YES",ROUNDUP(($C$7^2*$C$5*$B13^2)/(($C$5-1)*C$10^2+$C$7^2*$B13^2),0),ROUNDUP(($C$7*$B13/C$10)^2,0)),"") -> 271 | D13: =IFERROR(IF(UPPER('1 Sample Size'!$C$9)="YES",ROUNDUP(($C$7^2*$C$5*$B13^2)/(($C$5-1)*D$10^2+$C$7^2*$B13^2),0),ROUNDUP(($C$7*$B13/D$10)^2,0)),"") -> 68 | E13: =IFERROR(IF(UPPER('1 Sample Size'!$C$9)="YES",ROUNDUP(($C$7^2*$C$5*$B13^2)/(($C$5-1)*E$10^2+$C$7^2*$B13^2),0),ROUNDUP(($C$7*$B13/E$10)^2,0)),"") -> 31 | F13: =IFERROR(IF(UPPER('1 Sample Size'!$C$9)="YES",ROUNDUP(($C$7^2*$C$5*$B13^2)/(($C$5-1)*F$10^2+$C$7^2*$B13^2),0),ROUNDUP(($C$7*$B13/F$10)^2,0)),"") -> 17 | G13: =IFERROR(IF(UPPER('1 Sample Size'!$C$9)="YES",ROUNDUP(($C$7^2*$C$5*$B13^2)/(($C$5-1)*G$10^2+$C$7^2*$B13^2),0),ROUNDUP(($C$7*$B13/G$10)^2,0)),"") -> 11 | H13: =IFERROR(IF(UPPER('1 Sample Size'!$C$9)="YES",ROUNDUP(($C$7^2*$C$5*$B13^2)/(($C$5-1)*H$10^2+$C$7^2*$B13^2),0),ROUNDUP(($C$7*$B13/H$10)^2,0)),"") -> 8
B14: 0.6 | C14: =IFERROR(IF(UPPER('1 Sample Size'!$C$9)="YES",ROUNDUP(($C$7^2*$C$5*$B14^2)/(($C$5-1)*C$10^2+$C$7^2*$B14^2),0),ROUNDUP(($C$7*$B14/C$10)^2,0)),"") -> 390 | D14: =IFERROR(IF(UPPER('1 Sample Size'!$C$9)="YES",ROUNDUP(($C$7^2*$C$5*$B14^2)/(($C$5-1)*D$10^2+$C$7^2*$B14^2),0),ROUNDUP(($C$7*$B14/D$10)^2,0)),"") -> 98 | E14: =IFERROR(IF(UPPER('1 Sample Size'!$C$9)="YES",ROUNDUP(($C$7^2*$C$5*$B14^2)/(($C$5-1)*E$10^2+$C$7^2*$B14^2),0),ROUNDUP(($C$7*$B14/E$10)^2,0)),"") -> 44 | F14: =IFERROR(IF(UPPER('1 Sample Size'!$C$9)="YES",ROUNDUP(($C$7^2*$C$5*$B14^2)/(($C$5-1)*F$10^2+$C$7^2*$B14^2),0),ROUNDUP(($C$7*$B14/F$10)^2,0)),"") -> 25 | G14: =IFERROR(IF(UPPER('1 Sample Size'!$C$9)="YES",ROUNDUP(($C$7^2*$C$5*$B14^2)/(($C$5-1)*G$10^2+$C$7^2*$B14^2),0),ROUNDUP(($C$7*$B14/G$10)^2,0)),"") -> 16 | H14: =IFERROR(IF(UPPER('1 Sample Size'!$C$9)="YES",ROUNDUP(($C$7^2*$C$5*$B14^2)/(($C$5-1)*H$10^2+$C$7^2*$B14^2),0),ROUNDUP(($C$7*$B14/H$10)^2,0)),"") -> 11
B15: 0.7 | C15: =IFERROR(IF(UPPER('1 Sample Size'!$C$9)="YES",ROUNDUP(($C$7^2*$C$5*$B15^2)/(($C$5-1)*C$10^2+$C$7^2*$B15^2),0),ROUNDUP(($C$7*$B15/C$10)^2,0)),"") -> 531 | D15: =IFERROR(IF(UPPER('1 Sample Size'!$C$9)="YES",ROUNDUP(($C$7^2*$C$5*$B15^2)/(($C$5-1)*D$10^2+$C$7^2*$B15^2),0),ROUNDUP(($C$7*$B15/D$10)^2,0)),"") -> 133 | E15: =IFERROR(IF(UPPER('1 Sample Size'!$C$9)="YES",ROUNDUP(($C$7^2*$C$5*$B15^2)/(($C$5-1)*E$10^2+$C$7^2*$B15^2),0),ROUNDUP(($C$7*$B15/E$10)^2,0)),"") -> 59 | F15: =IFERROR(IF(UPPER('1 Sample Size'!$C$9)="YES",ROUNDUP(($C$7^2*$C$5*$B15^2)/(($C$5-1)*F$10^2+$C$7^2*$B15^2),0),ROUNDUP(($C$7*$B15/F$10)^2,0)),"") -> 34 | G15: =IFERROR(IF(UPPER('1 Sample Size'!$C$9)="YES",ROUNDUP(($C$7^2*$C$5*$B15^2)/(($C$5-1)*G$10^2+$C$7^2*$B15^2),0),ROUNDUP(($C$7*$B15/G$10)^2,0)),"") -> 22 | H15: =IFERROR(IF(UPPER('1 Sample Size'!$C$9)="YES",ROUNDUP(($C$7^2*$C$5*$B15^2)/(($C$5-1)*H$10^2+$C$7^2*$B15^2),0),ROUNDUP(($C$7*$B15/H$10)^2,0)),"") -> 15
B16: 0.8 | C16: =IFERROR(IF(UPPER('1 Sample Size'!$C$9)="YES",ROUNDUP(($C$7^2*$C$5*$B16^2)/(($C$5-1)*C$10^2+$C$7^2*$B16^2),0),ROUNDUP(($C$7*$B16/C$10)^2,0)),"") -> 693 | D16: =IFERROR(IF(UPPER('1 Sample Size'!$C$9)="YES",ROUNDUP(($C$7^2*$C$5*$B16^2)/(($C$5-1)*D$10^2+$C$7^2*$B16^2),0),ROUNDUP(($C$7*$B16/D$10)^2,0)),"") -> 174 | E16: =IFERROR(IF(UPPER('1 Sample Size'!$C$9)="YES",ROUNDUP(($C$7^2*$C$5*$B16^2)/(($C$5-1)*E$10^2+$C$7^2*$B16^2),0),ROUNDUP(($C$7*$B16/E$10)^2,0)),"") -> 77 | F16: =IFERROR(IF(UPPER('1 Sample Size'!$C$9)="YES",ROUNDUP(($C$7^2*$C$5*$B16^2)/(($C$5-1)*F$10^2+$C$7^2*$B16^2),0),ROUNDUP(($C$7*$B16/F$10)^2,0)),"") -> 44 | G16: =IFERROR(IF(UPPER('1 Sample Size'!$C$9)="YES",ROUNDUP(($C$7^2*$C$5*$B16^2)/(($C$5-1)*G$10^2+$C$7^2*$B16^2),0),ROUNDUP(($C$7*$B16/G$10)^2,0)),"") -> 28 | H16: =IFERROR(IF(UPPER('1 Sample Size'!$C$9)="YES",ROUNDUP(($C$7^2*$C$5*$B16^2)/(($C$5-1)*H$10^2+$C$7^2*$B16^2),0),ROUNDUP(($C$7*$B16/H$10)^2,0)),"") -> 20
B17: 0.9 | C17: =IFERROR(IF(UPPER('1 Sample Size'!$C$9)="YES",ROUNDUP(($C$7^2*$C$5*$B17^2)/(($C$5-1)*C$10^2+$C$7^2*$B17^2),0),ROUNDUP(($C$7*$B17/C$10)^2,0)),"") -> 877 | D17: =IFERROR(IF(UPPER('1 Sample Size'!$C$9)="YES",ROUNDUP(($C$7^2*$C$5*$B17^2)/(($C$5-1)*D$10^2+$C$7^2*$B17^2),0),ROUNDUP(($C$7*$B17/D$10)^2,0)),"") -> 220 | E17: =IFERROR(IF(UPPER('1 Sample Size'!$C$9)="YES",ROUNDUP(($C$7^2*$C$5*$B17^2)/(($C$5-1)*E$10^2+$C$7^2*$B17^2),0),ROUNDUP(($C$7*$B17/E$10)^2,0)),"") -> 98 | F17: =IFERROR(IF(UPPER('1 Sample Size'!$C$9)="YES",ROUNDUP(($C$7^2*$C$5*$B17^2)/(($C$5-1)*F$10^2+$C$7^2*$B17^2),0),ROUNDUP(($C$7*$B17/F$10)^2,0)),"") -> 55 | G17: =IFERROR(IF(UPPER('1 Sample Size'!$C$9)="YES",ROUNDUP(($C$7^2*$C$5*$B17^2)/(($C$5-1)*G$10^2+$C$7^2*$B17^2),0),ROUNDUP(($C$7*$B17/G$10)^2,0)),"") -> 36 | H17: =IFERROR(IF(UPPER('1 Sample Size'!$C$9)="YES",ROUNDUP(($C$7^2*$C$5*$B17^2)/(($C$5-1)*H$10^2+$C$7^2*$B17^2),0),ROUNDUP(($C$7*$B17/H$10)^2,0)),"") -> 25
B18: 1 | C18: =IFERROR(IF(UPPER('1 Sample Size'!$C$9)="YES",ROUNDUP(($C$7^2*$C$5*$B18^2)/(($C$5-1)*C$10^2+$C$7^2*$B18^2),0),ROUNDUP(($C$7*$B18/C$10)^2,0)),"") -> 1083 | D18: =IFERROR(IF(UPPER('1 Sample Size'!$C$9)="YES",ROUNDUP(($C$7^2*$C$5*$B18^2)/(($C$5-1)*D$10^2+$C$7^2*$B18^2),0),ROUNDUP(($C$7*$B18/D$10)^2,0)),"") -> 271 | E18: =IFERROR(IF(UPPER('1 Sample Size'!$C$9)="YES",ROUNDUP(($C$7^2*$C$5*$B18^2)/(($C$5-1)*E$10^2+$C$7^2*$B18^2),0),ROUNDUP(($C$7*$B18/E$10)^2,0)),"") -> 121 | F18: =IFERROR(IF(UPPER('1 Sample Size'!$C$9)="YES",ROUNDUP(($C$7^2*$C$5*$B18^2)/(($C$5-1)*F$10^2+$C$7^2*$B18^2),0),ROUNDUP(($C$7*$B18/F$10)^2,0)),"") -> 68 | G18: =IFERROR(IF(UPPER('1 Sample Size'!$C$9)="YES",ROUNDUP(($C$7^2*$C$5*$B18^2)/(($C$5-1)*G$10^2+$C$7^2*$B18^2),0),ROUNDUP(($C$7*$B18/G$10)^2,0)),"") -> 44 | H18: =IFERROR(IF(UPPER('1 Sample Size'!$C$9)="YES",ROUNDUP(($C$7^2*$C$5*$B18^2)/(($C$5-1)*H$10^2+$C$7^2*$B18^2),0),ROUNDUP(($C$7*$B18/H$10)^2,0)),"") -> 31
B20: Shaded cell is roughly the BC eelgrass case: CV 0.6 at ±20%.
B22: Read across a row and down a column. E and CV are both squared in the formula, so they move the answer far more steeply than the confidence level does. Halving E roughly quadruples the cores in a large area — less in a small one, where the finite-population correction pulls it back.

Sheet Notes and Sources
B2: Notes and sources
B4: Formulas used
B5: Possible plot locations | C5: N = study area ÷ plot size, rounded down — used only if the plots are the sampling frame
B6: z multiplier | C6: NORMINV(1 − (1 − confidence) / 2, 0, 1)
B7: Cores required | C7: n = (z·CV/E)² for a continuous area (default); with a plot frame, Cochran: n = z²·N·CV² / ((N−1)·E² + z²·CV²)
B8: Stratified n | C8: same formula with V = pooled variance ÷ overall mean² (both area-weighted) in place of CV²
B9: Allocation | C9: n_h = n × (stratum area ÷ total area), rounded up, floored at the minimum
B10: Achieved precision | C10: RME = t × SE ÷ sample mean, t with n − 1 df (n − H stratified); SE = √(s²/n), times (1 − n/N) only with a plot frame
B13: Symbol crosswalk to the UNFCCC A6.4 tool
B14: This workbook | C14: UNFCCC A6.4 | D14: Meaning
B15: z | C15: Z(α/2) | D15: multiplier set by confidence level
B16: E | C16: e_abs | D16: target relative precision
B17: s | C17: SD | D17: standard deviation
B18: CV | C18: CV | D18: s ÷ mean
B19: N | C19: N | D19: population size
B20: n | C20: n | D20: cores to collect
B23: Assumptions worth stating out loud
B24: • Each core represents a plot, not a point. Plot size is an input and defaults to 100 m² (10 × 10 m).
B25: • Planning (sheets 1, 2 and 5) uses z; the precision check (sheet 4) uses Student's t, which is wider for small campaigns.
B26: • Priors are regional averages. Janousek et al. (2025) find stocks are driven mainly by local rather than regional factors, so a regional SD will usually understate local patchiness.
B27: • Sample size assumes simple or stratified random sampling. Convenience sampling invalidates the interval, whatever the core count.
B28: • No allowance is made for lost or damaged cores. The number returned is the number of usable cores required.
B29: • The finite-population correction is used only when cores are drawn from a fixed list of plots. For most meadows it changes the answer by less than one core.
B31: Sources
B32: Janousek, C. N., Krause, J. R., Drexler, J. Z., Buffington, K. J., Poppe, K. L., Peck, E., et al. (2025). Blue carbon stocks along the Pacific coast of North America are mainly driven by local rather than regional factors. Global Biogeochemical Cycles, 39, e2024GB008239.
B33: UNFCCC (CDM) Methodological guideline 48 — Sampling and surveys for CDM project activities and programmes of activities.
B34: Winrock International (2014). Calculation of the number of sample plots for measurements within A/R CDM project activities.
B35: WWF-Canada (2026). Carbon Measurement: Sampling Design.
... B40: Changelog: corrected the margin-of-error / confidence-level swap; exposed plot size as an input; added priors, precision check and sensitivity sheets. 2026.2: sampling-frame switch (finite-population correction optional, default off); t in the precision check; sheet 2 example labels.
